subject,rt,sex,native_language,answer,frequency,class
A1,6.340359,F,English,correct,4.859812,animal
A1,6.308098,F,English,correct,4.60517,animal
A1,6.349139,F,English,correct,4.997212,plant
A1,6.186209,F,English,correct,4.727388,plant
A1,6.025866,F,English,correct,7.667626,animal
A1,6.180017,F,English,correct,4.060443,plant
A1,6.035481,F,English,correct,4.75359,plant
A1,6.263398,F,English,correct,4.70953,animal
A1,6.459904,F,English,correct,3.044522,plant
A1,6.184149,F,English,correct,4.204693,plant
A1,6.137727,F,English,correct,5.298317,animal
A1,6.242223,F,English,correct,4.043051,animal
A1,6.003887,F,English,correct,2.484907,plant
A1,6.035481,F,English,correct,5.631212,plant
A1,6.322565,F,English,correct,5.700444,animal
A1,5.988961,F,English,correct,6.228511,animal
A1,6.285998,F,English,correct,1.791759,plant
A1,6.381816,F,English,correct,5.545177,plant
A1,5.958425,F,English,correct,4.59512,plant
A1,6.124683,F,English,incorrect,5.918894,animal
A1,6.741701,F,English,correct,4.442651,plant
A1,6.821107,F,English,correct,2.995732,animal
A1,6.40688,F,English,correct,3.044522,animal
A1,6.421622,F,English,correct,5.267858,animal
A1,6.320768,F,English,correct,3.970292,animal
A1,6.20859,F,English,correct,4.976734,plant
A1,6.214608,F,English,correct,4.615121,animal
A1,7.114769,F,English,correct,4.624973,animal
A1,6.09131,F,English,correct,4.844187,animal
A1,6.20859,F,English,correct,5.192957,plant
A1,6.36647,F,English,correct,5.652489,animal
A1,6.582025,F,English,correct,6.461468,plant
A1,6.514713,F,English,correct,5.129899,animal
A1,6.352629,F,English,correct,3.555348,plant
A1,6.278521,F,English,correct,3.663562,plant
A1,5.988961,F,English,correct,5.805135,animal
A1,6.079933,F,English,correct,4.007333,animal
A1,6.126869,F,English,correct,3.988984,plant
A1,6.284134,F,English,correct,4.812184,plant
A1,6.089045,F,English,correct,6.577861,animal
A1,6.383507,F,English,correct,4.454347,plant
A1,6.22059,F,English,correct,2.079442,plant
A1,6.381816,F,English,correct,4.418841,animal
A1,6.202536,F,English,correct,6.660575,animal
A1,6.356108,F,English,correct,6.109248,animal
A1,6.107023,F,English,correct,5.880533,animal
A1,6.517671,F,English,correct,4.248495,animal
A1,6.317165,F,English,correct,6.120297,animal
A1,6.086775,F,English,correct,5.541264,animal
A1,6.163315,F,English,correct,2.833213,plant
A1,6.673298,F,English,correct,3.828641,plant
A1,6.434547,F,English,correct,3.332205,plant
A1,6.33328,F,English,correct,3.663562,plant
A1,6.202536,F,English,correct,5.023881,plant
A1,6.111467,F,English,correct,6.098074,animal
A1,6.326149,F,English,correct,6.063785,animal
A1,6.903747,F,English,correct,3.637586,animal
A1,6.306275,F,English,correct,5.117994,animal
A1,6.118097,F,English,correct,6.304449,plant
A1,6.472346,F,English,correct,3.044522,plant
A1,6.697034,F,English,correct,4.682131,animal
A1,6.148468,F,English,correct,7.086738,animal
A1,6.59987,F,English,correct,2.484907,plant
A1,6.775366,F,English,correct,5.347108,animal
A1,6.36647,F,English,correct,3.332205,animal
A1,6.274762,F,English,correct,3.951244,animal
A1,6.023448,F,English,correct,7.77191,animal
A1,6.139885,F,English,correct,5.537334,plant
A1,6.293419,F,English,correct,2.890372,animal
A1,6.021023,F,English,correct,2.70805,animal
A1,6.188264,F,English,correct,6.378426,plant
A1,6.194405,F,English,correct,3.433987,plant
A1,5.899897,F,English,correct,6.59987,animal
A1,6.364751,F,English,correct,5.214936,animal
A1,5.97381,F,English,correct,5.587249,plant
A1,6.037871,F,English,correct,4.962845,animal
A1,5.97381,F,English,correct,4.49981,plant
A1,6.282267,F,English,correct,4.127134,plant
A1,6.040255,F,English,correct,5.783825,animal
A2,6.329721,M,English,correct,7.667626,animal
A2,6.20859,M,English,correct,3.828641,plant
A2,6.270988,M,English,correct,3.951244,animal
A2,6.45047,M,English,correct,4.007333,animal
A2,6.36647,M,English,correct,4.49981,plant
A2,6.293419,M,English,correct,6.109248,animal
A2,6.198479,M,English,correct,5.587249,plant
A2,6.154858,M,English,correct,5.298317,animal
A2,6.20859,M,English,correct,5.541264,animal
A2,6.156979,M,English,correct,4.812184,plant
A2,6.146329,M,English,correct,4.418841,animal
A2,5.942799,M,English,correct,6.228511,animal
A2,5.993961,M,English,incorrect,3.637586,animal
A2,6.167516,M,English,correct,4.844187,animal
A2,6.013715,M,English,correct,3.970292,animal
A2,6.161207,M,English,correct,4.442651,plant
A2,6.146329,M,English,correct,3.044522,plant
A2,6.2106,M,English,correct,5.631212,plant
A2,6.163315,M,English,correct,6.59987,animal
A2,6.831954,M,English,correct,6.098074,animal
A2,6.154858,M,English,incorrect,2.484907,plant
A2,6.2106,M,English,correct,2.70805,animal
A2,6.22059,M,English,correct,4.997212,plant
A2,6.253829,M,English,correct,4.043051,animal
A2,6.082219,M,English,correct,4.859812,animal
A2,6.289716,M,English,correct,3.663562,plant
A2,6.068426,M,English,correct,5.805135,animal
A2,6.152733,M,English,correct,3.044522,plant
A2,6.192362,M,English,correct,5.700444,animal
A2,6.721426,M,English,correct,3.332205,plant
A2,6.222576,M,English,correct,2.890372,animal
A2,6.154858,M,English,correct,5.880533,animal
A2,6.53814,M,English,correct,4.248495,animal
A2,6.025866,M,English,correct,3.433987,plant
A2,5.942799,M,English,correct,4.615121,animal
A2,6.086775,M,English,correct,5.129899,animal
A2,6.20859,M,English,correct,4.454347,plant
A2,6.152733,M,English,correct,5.117994,animal
A2,6.22059,M,English,correct,5.545177,plant
A2,6.280396,M,English,correct,2.833213,plant
A2,6.159095,M,English,correct,1.791759,plant
A2,5.993961,M,English,correct,4.75359,plant
A2,6.641182,M,English,correct,3.044522,animal
A2,6.248043,M,English,correct,4.060443,plant
A2,6.230481,M,English,correct,3.663562,plant
A2,6.163315,M,English,correct,3.332205,animal
A2,5.966147,M,English,correct,7.77191,animal
A2,6.434547,M,English,correct,4.60517,animal
A2,6.077642,M,English,correct,5.347108,animal
A2,5.902633,M,English,correct,5.267858,animal
A2,6.249975,M,English,correct,4.727388,plant
A2,6.095825,M,English,correct,6.120297,animal
A2,6.169611,M,English,correct,5.918894,animal
A2,6.214608,M,English,correct,4.682131,animal
A2,6.345636,M,English,correct,5.783825,animal
A2,6.363028,M,English,correct,5.023881,plant
A2,6.169611,M,English,correct,6.461468,plant
A2,6.278521,M,English,correct,4.976734,plant
A2,6.115892,M,English,correct,6.378426,plant
A2,6.285998,M,English,correct,3.988984,plant
A2,6.251904,M,English,correct,6.577861,animal
A2,6.175867,M,English,correct,4.127134,plant
A2,6.113682,M,English,correct,5.214936,animal
A2,6.284134,M,English,correct,2.995732,animal
A2,6.013715,M,English,correct,2.484907,plant
A2,6.075346,M,English,correct,4.59512,plant
A2,6.104793,M,English,correct,5.537334,plant
A2,5.828946,M,English,incorrect,6.660575,animal
A2,6.522093,M,English,correct,4.70953,animal
A2,6.23637,M,English,correct,6.063785,animal
A2,6.489205,M,English,correct,4.962845,animal
A2,6.700731,M,English,correct,2.079442,plant
A2,6.466145,M,English,correct,4.624973,animal
A2,6.257668,M,English,correct,3.555348,plant
A2,6.315358,M,English,correct,4.204693,plant
A2,6.308098,M,English,correct,5.652489,animal
A2,6.23637,M,English,correct,5.192957,plant
A2,6.198479,M,English,correct,7.086738,animal
A2,6.12905,M,English,correct,6.304449,plant
A3,6.410175,F,Other,correct,4.75359,plant
A3,6.315358,F,Other,correct,4.615121,animal
A3,6.385194,F,Other,correct,4.997212,plant
A3,6.35437,F,Other,correct,3.332205,animal
A3,6.716595,F,Other,correct,2.484907,plant
A3,6.261492,F,Other,correct,5.631212,plant
A3,6.304449,F,Other,correct,3.663562,plant
A3,6.408529,F,Other,correct,5.347108,animal
A3,6.331502,F,Other,correct,6.660575,animal
A3,6.401917,F,Other,correct,5.880533,animal
A3,6.313548,F,Other,correct,3.044522,plant
A3,6.483107,F,Other,correct,4.859812,animal
A3,6.327937,F,Other,correct,3.433987,plant
A3,6.234411,F,Other,correct,5.652489,animal
A3,6.36647,F,Other,correct,6.228511,animal
A3,6.327937,F,Other,correct,4.49981,plant
A3,6.472346,F,Other,correct,4.624973,animal
A3,6.376727,F,Other,correct,5.267858,animal
A3,6.383507,F,Other,correct,1.791759,plant
A3,6.36647,F,Other,correct,2.70805,animal
A3,6.510258,F,Other,correct,4.418841,animal
A3,6.253829,F,Other,correct,5.117994,animal
A3,6.263398,F,Other,correct,3.044522,animal
A3,6.401917,F,Other,correct,2.484907,plant
A3,6.280396,F,Other,correct,3.970292,animal
A3,6.44572,F,Other,correct,3.663562,plant
A3,6.317165,F,Other,correct,4.976734,plant
A3,6.356108,F,Other,correct,4.812184,plant
A3,6.238325,F,Other,correct,6.120297,animal
A3,6.804615,F,Other,correct,3.637586,animal
A3,6.376727,F,Other,correct,5.214936,animal
A3,6.240276,F,Other,correct,3.951244,animal
A3,6.194405,F,Other,correct,5.023881,plant
A3,6.447306,F,Other,correct,7.086738,animal
A3,6.359574,F,Other,correct,6.063785,animal
A3,6.437752,F,Other,correct,4.59512,plant
A3,6.302619,F,Other,correct,4.454347,plant
A3,6.263398,F,Other,correct,6.59987,animal
A3,6.251904,F,Other,correct,4.442651,plant
A3,6.33328,F,Other,correct,6.304449,plant
A3,6.171701,F,Other,correct,5.783825,animal
A3,6.289716,F,Other,correct,4.127134,plant
A3,6.25575,F,Other,correct,3.332205,plant
A3,6.253829,F,Other,correct,6.109248,animal
A3,6.487684,F,Other,correct,2.890372,animal
A3,6.452049,F,Other,correct,4.043051,animal
A3,6.405228,F,Other,correct,5.541264,animal
A3,6.242223,F,Other,correct,6.378426,plant
A3,6.437752,F,Other,correct,4.007333,animal
A3,6.375025,F,Other,correct,4.060443,plant
A3,6.475433,F,Other,correct,4.60517,animal
A3,6.452049,F,Other,correct,5.918894,animal
A3,6.415097,F,Other,correct,5.805135,animal
A3,6.378426,F,Other,correct,5.298317,animal
A3,6.444131,F,Other,correct,2.833213,plant
A3,6.361302,F,Other,correct,5.129899,animal
A3,6.55108,F,Other,correct,5.545177,plant
A3,7.044033,F,Other,correct,4.204693,plant
A3,6.459904,F,Other,correct,4.248495,animal
A3,6.410175,F,Other,correct,5.537334,plant
A3,6.361302,F,Other,correct,6.098074,animal
A3,6.242223,F,Other,correct,7.667626,animal
A3,6.458338,F,Other,correct,4.727388,plant
A3,7.132498,F,Other,correct,3.044522,plant
A3,6.388561,F,Other,correct,5.587249,plant
A3,6.419995,F,Other,correct,5.700444,animal
A3,6.43294,F,Other,correct,2.995732,animal
A3,6.2106,F,Other,correct,6.461468,plant
A3,6.390241,F,Other,correct,3.988984,plant
A3,6.605298,F,Other,correct,4.682131,animal
A3,6.459904,F,Other,correct,3.555348,plant
A3,6.416732,F,Other,correct,4.70953,animal
A3,6.495266,F,Other,correct,6.577861,animal
A3,6.278521,F,Other,correct,3.828641,plant
A3,6.421622,F,Other,correct,7.77191,animal
A3,6.434547,F,Other,correct,4.844187,animal
A3,6.466145,F,Other,correct,5.192957,plant
A3,6.44254,F,Other,correct,2.079442,plant
A3,6.380123,F,Other,correct,4.962845,animal
C,6.533789,F,English,correct,4.248495,animal
C,6.53814,F,English,correct,6.109248,animal
C,6.246107,F,English,correct,3.044522,plant
C,6.416732,F,English,correct,3.433987,plant
C,6.284134,F,English,correct,4.418841,animal
C,6.473891,F,English,correct,5.023881,plant
C,6.269096,F,English,correct,5.298317,animal
C,6.398595,F,English,correct,5.541264,animal
C,6.196444,F,English,correct,5.880533,animal
C,6.33328,F,English,correct,6.59987,animal
C,6.173786,F,English,correct,5.783825,animal
C,6.173786,F,English,correct,4.682131,animal
C,6.180017,F,English,correct,7.086738,animal
C,6.386879,F,English,correct,1.791759,plant
C,6.499787,F,English,correct,2.079442,plant
C,6.173786,F,English,correct,5.918894,animal
C,6.070738,F,English,correct,5.700444,animal
C,6.304449,F,English,correct,4.844187,animal
C,6.20859,F,English,correct,3.970292,animal
C,6.395262,F,English,correct,3.988984,plant
C,6.483107,F,English,correct,4.962845,animal
C,6.293419,F,English,correct,4.75359,plant
C,6.293419,F,English,correct,6.577861,animal
C,6.272877,F,English,correct,4.49981,plant
C,6.496775,F,English,correct,4.624973,animal
C,6.25575,F,English,correct,6.098074,animal
C,6.234411,F,English,correct,6.228511,animal
C,6.380123,F,English,correct,3.663562,plant
C,6.306275,F,English,correct,3.828641,plant
C,6.259581,F,English,correct,6.660575,animal
C,6.249975,F,English,correct,6.304449,plant
C,6.280396,F,English,correct,4.442651,plant
C,6.487684,F,English,correct,3.637586,animal
C,6.586172,F,English,correct,5.347108,animal
C,6.411818,F,English,correct,5.652489,animal
C,6.36647,F,English,correct,6.063785,animal
C,6.214608,F,English,correct,2.70805,animal
C,6.276643,F,English,correct,3.555348,plant
C,6.326149,F,English,correct,4.976734,plant
C,6.270988,F,English,correct,6.120297,animal
C,6.190315,F,English,correct,5.587249,plant
C,6.115892,F,English,correct,4.727388,plant
C,6.285998,F,English,correct,5.214936,animal
C,6.295266,F,English,correct,2.484907,plant
C,6.287859,F,English,correct,4.60517,animal
C,6.284134,F,English,correct,4.454347,plant
C,6.23637,F,English,correct,6.378426,plant
C,6.186209,F,English,correct,5.631212,plant
C,6.43615,F,English,correct,7.77191,animal
C,6.369901,F,English,correct,4.70953,animal
C,6.152733,F,English,correct,5.267858,animal
C,6.146329,F,English,correct,3.332205,animal
C,6.440947,F,English,correct,4.204693,plant
C,6.173786,F,English,correct,3.663562,plant
C,6.331502,F,English,correct,4.59512,plant
C,6.486161,F,English,correct,3.951244,animal
C,6.171701,F,English,correct,5.537334,plant
C,6.324359,F,English,correct,7.667626,animal
C,6.679599,F,English,correct,5.129899,animal
C,6.311735,F,English,correct,3.044522,animal
C,6.423247,F,English,correct,6.461468,plant
C,6.591674,F,English,correct,3.044522,plant
C,6.405228,F,English,correct,2.484907,plant
C,6.338594,F,English,correct,4.060443,plant
C,6.418365,F,English,correct,4.812184,plant
C,6.376727,F,English,correct,5.805135,animal
C,6.163315,F,English,correct,4.615121,animal
C,6.46925,F,English,correct,4.043051,animal
C,6.265301,F,English,incorrect,2.833213,plant
C,6.385194,F,English,correct,5.545177,plant
C,6.493754,F,English,correct,3.332205,plant
C,6.426488,F,English,correct,2.995732,animal
C,6.171701,F,English,correct,4.859812,animal
C,6.180017,F,English,correct,4.997212,plant
C,6.293419,F,English,correct,5.117994,animal
C,6.304449,F,English,correct,2.890372,animal
C,6.364751,F,English,correct,4.007333,animal
C,6.246107,F,English,correct,4.127134,plant
C,6.234411,F,English,correct,5.192957,plant
D,6.232448,M,Other,correct,4.59512,plant
D,6.349139,M,Other,correct,4.962845,animal
D,6.375025,M,Other,correct,4.812184,plant
D,6.315358,M,Other,correct,4.49981,plant
D,6.440947,M,Other,correct,3.555348,plant
D,6.284134,M,Other,correct,2.833213,plant
D,6.300786,M,Other,correct,4.844187,animal
D,6.458338,M,Other,correct,4.454347,plant
D,6.350886,M,Other,correct,4.060443,plant
D,6.380123,M,Other,correct,6.120297,animal
D,6.272877,M,Other,correct,7.086738,animal
D,6.287859,M,Other,correct,5.652489,animal
D,6.466145,M,Other,correct,2.079442,plant
D,6.539586,M,Other,correct,5.545177,plant
D,6.472346,M,Other,correct,4.70953,animal
D,6.33328,M,Other,correct,2.890372,animal
D,6.602588,M,Other,correct,3.970292,animal
D,6.437752,M,Other,correct,5.214936,animal
D,6.122493,M,Other,correct,6.378426,plant
D,6.34388,M,Other,correct,3.951244,animal
D,6.122493,M,Other,correct,7.667626,animal
D,6.084499,M,Other,correct,5.023881,plant
D,6.175867,M,Other,correct,2.484907,plant
D,6.226537,M,Other,correct,5.541264,animal
D,5.993961,M,Other,correct,6.660575,animal
D,6.320768,M,Other,correct,2.484907,plant
D,6.588926,M,Other,correct,4.976734,plant
D,6.214608,M,Other,correct,6.109248,animal
D,6.434547,M,Other,correct,5.298317,animal
D,6.313548,M,Other,correct,5.805135,animal
D,6.244167,M,Other,correct,3.044522,plant
D,6.448889,M,Other,correct,3.433987,plant
D,6.261492,M,Other,correct,4.997212,plant
D,6.309918,M,Other,correct,4.859812,animal
D,6.514713,M,Other,correct,4.043051,animal
D,6.265301,M,Other,correct,6.098074,animal
D,6.265301,M,Other,incorrect,4.624973,animal
D,6.419995,M,Other,correct,5.587249,plant
D,6.361302,M,Other,correct,4.60517,animal
D,6.378426,M,Other,correct,3.828641,plant
D,6.49224,M,Other,correct,5.880533,animal
D,6.295266,M,Other,correct,6.063785,animal
D,6.368187,M,Other,correct,3.044522,plant
D,6.287859,M,Other,correct,5.918894,animal
D,6.309918,M,Other,incorrect,6.228511,animal
D,6.395262,M,Other,correct,3.332205,animal
D,6.165418,M,Other,correct,5.192957,plant
D,6.350886,M,Other,correct,5.631212,plant
D,6.59987,M,Other,correct,3.637586,animal
D,6.198479,M,Other,correct,6.304449,plant
D,6.297109,M,Other,correct,7.77191,animal
D,6.311735,M,Other,correct,4.75359,plant
D,6.594413,M,Other,correct,3.044522,animal
D,6.352629,M,Other,correct,4.127134,plant
D,6.40688,M,Other,incorrect,4.418841,animal
D,6.467699,M,Other,correct,2.70805,animal
D,6.33328,M,Other,correct,6.577861,animal
D,6.956545,M,Other,correct,5.267858,animal
D,6.44254,M,Other,correct,5.347108,animal
D,6.54535,M,Other,correct,3.663562,plant
D,6.244167,M,Other,correct,5.783825,animal
D,6.771936,M,Other,correct,3.988984,plant
D,6.395262,M,Other,correct,4.682131,animal
D,6.51323,M,Other,correct,5.537334,plant
D,6.552508,M,Other,correct,3.332205,plant
D,6.444131,M,Other,correct,4.007333,animal
D,6.415097,M,Other,correct,4.204693,plant
D,6.59987,M,Other,correct,3.663562,plant
D,6.455199,M,Other,correct,4.442651,plant
D,6.276643,M,Other,correct,4.727388,plant
D,6.98379,M,Other,correct,6.59987,animal
D,6.658011,M,Other,correct,5.117994,animal
D,6.790097,M,Other,correct,4.248495,animal
D,6.741701,M,Other,correct,5.129899,animal
D,6.572283,M,Other,correct,6.461468,plant
D,6.352629,M,Other,correct,2.995732,animal
D,6.603944,M,Other,correct,5.700444,animal
D,6.507278,M,Other,correct,4.615121,animal
D,6.719013,M,Other,correct,1.791759,plant
I,6.194405,F,Other,correct,4.007333,animal
I,6.566672,F,Other,correct,4.248495,animal
I,6.23637,F,Other,correct,6.660575,animal
I,6.495266,F,Other,correct,4.997212,plant
I,6.09131,F,Other,correct,6.378426,plant
I,6.09357,F,Other,correct,5.880533,animal
I,6.295266,F,Other,correct,4.615121,animal
I,6.363028,F,Other,correct,4.043051,animal
I,6.066108,F,Other,correct,6.098074,animal
I,6.102559,F,Other,correct,5.541264,animal
I,6.46925,F,Other,correct,4.418841,animal
I,6.259581,F,Other,correct,2.484907,plant
I,7.135687,F,Other,correct,6.120297,animal
I,5.97381,F,Other,correct,5.192957,plant
I,5.905362,F,Other,correct,4.976734,plant
I,6.263398,F,Other,correct,5.214936,animal
I,6.030685,F,Other,correct,6.304449,plant
I,6.431331,F,Other,correct,4.812184,plant
I,6.483107,F,Other,correct,3.663562,plant
I,6.194405,F,Other,correct,6.228511,animal
I,6.061457,F,Other,correct,3.663562,plant
I,6.368187,F,Other,correct,3.332205,animal
I,6.282267,F,Other,correct,4.962845,animal
I,6.320768,F,Other,correct,1.791759,plant
I,6.329721,F,Other,correct,4.75359,plant
I,6.390241,F,Other,correct,4.442651,plant
I,6.368187,F,Other,correct,2.995732,animal
I,6.383507,F,Other,correct,3.951244,animal
I,6.848005,F,Other,correct,2.833213,plant
I,6.146329,F,Other,correct,6.063785,animal
I,6.09131,F,Other,correct,5.023881,plant
I,6.167516,F,Other,correct,6.577861,animal
I,6.238325,F,Other,correct,4.127134,plant
I,6.326149,F,Other,correct,4.204693,plant
I,5.976351,F,Other,correct,6.461468,plant
I,6.331502,F,Other,correct,3.637586,animal
I,6.411818,F,Other,correct,3.332205,plant
I,6.148468,F,Other,correct,5.298317,animal
I,6.049733,F,Other,correct,5.545177,plant
I,5.961005,F,Other,correct,5.805135,animal
I,6.327937,F,Other,correct,5.347108,animal
I,6.251904,F,Other,correct,5.267858,animal
I,6.401917,F,Other,correct,2.484907,plant
I,6.837333,F,Other,correct,2.890372,animal
I,6.154858,F,Other,correct,3.988984,plant
I,6.161207,F,Other,correct,5.918894,animal
I,6.169611,F,Other,correct,7.086738,animal
I,5.998937,F,Other,correct,5.700444,animal
I,6.161207,F,Other,correct,3.433987,plant
I,6.068426,F,Other,correct,5.117994,animal
I,6.011267,F,Other,correct,5.587249,plant
I,6.212606,F,Other,correct,3.555348,plant
I,6.248043,F,Other,correct,5.129899,animal
I,6.357842,F,Other,correct,5.537334,plant
I,6.434547,F,Other,correct,2.079442,plant
I,6.177944,F,Other,correct,4.844187,animal
I,6.421622,F,Other,correct,5.652489,animal
I,6.575076,F,Other,correct,5.783825,animal
I,6.206576,F,Other,correct,4.70953,animal
I,6.369901,F,Other,correct,4.60517,animal
I,6.259581,F,Other,correct,7.667626,animal
I,6.186209,F,Other,correct,4.59512,plant
I,6.109248,F,Other,correct,4.859812,animal
I,6.666957,F,Other,correct,4.682131,animal
I,6.09357,F,Other,correct,3.970292,animal
I,5.981414,F,Other,correct,4.727388,plant
I,6.154858,F,Other,correct,6.59987,animal
I,6.063785,F,Other,correct,3.044522,plant
I,6.263398,F,Other,correct,4.454347,plant
I,6.070738,F,Other,correct,3.828641,plant
I,5.921578,F,Other,correct,6.109248,animal
I,6.398595,F,Other,correct,4.060443,plant
I,5.996452,F,Other,correct,5.631212,plant
I,6.400257,F,Other,correct,4.624973,animal
I,5.945421,F,Other,correct,3.044522,plant
I,6.008813,F,Other,correct,7.77191,animal
I,6.642487,F,Other,correct,3.044522,animal
I,6.244167,F,Other,correct,4.49981,plant
I,6.188264,F,Other,correct,2.70805,animal
J,6.714171,F,Other,correct,3.951244,animal
J,6.075346,F,Other,incorrect,3.637586,animal
J,6.519147,F,Other,correct,4.418841,animal
J,6.34388,F,Other,correct,4.976734,plant
J,6.34388,F,Other,correct,3.663562,plant
J,6.496775,F,Other,correct,5.805135,animal
J,6.848005,F,Other,correct,3.332205,animal
J,6.261492,F,Other,correct,6.660575,animal
J,6.246107,F,Other,correct,5.347108,animal
J,6.300786,F,Other,correct,1.791759,plant
J,6.194405,F,Other,incorrect,2.079442,plant
J,6.51323,F,Other,correct,4.682131,animal
J,6.148468,F,Other,correct,5.652489,animal
J,6.180017,F,Other,correct,5.631212,plant
J,6.356108,F,Other,correct,4.859812,animal
J,6.124683,F,Other,correct,7.667626,animal
J,6.352629,F,Other,correct,5.880533,animal
J,6.359574,F,Other,correct,3.828641,plant
J,6.180017,F,Other,correct,5.298317,animal
J,6.324359,F,Other,correct,4.844187,animal
J,6.393591,F,Other,correct,4.727388,plant
J,6.113682,F,Other,correct,5.537334,plant
J,6.317165,F,Other,correct,4.70953,animal
J,6.285998,F,Other,correct,3.988984,plant
J,6.177944,F,Other,correct,6.59987,animal
J,6.265301,F,Other,correct,6.228511,animal
J,6.113682,F,Other,incorrect,4.615121,animal
J,6.308098,F,Other,correct,7.77191,animal
J,6.161207,F,Other,correct,5.545177,plant
J,6.287859,F,Other,correct,2.833213,plant
J,6.586172,F,Other,correct,4.60517,animal
J,6.196444,F,Other,correct,5.918894,animal
J,6.098074,F,Other,incorrect,5.541264,animal
J,6.156979,F,Other,correct,4.442651,plant
J,6.327937,F,Other,correct,3.970292,animal
J,6.098074,F,Other,correct,5.129899,animal
J,6.098074,F,Other,incorrect,4.007333,animal
J,6.139885,F,Other,incorrect,4.043051,animal
J,6.040255,F,Other,correct,6.098074,animal
J,6.146329,F,Other,correct,6.461468,plant
J,6.289716,F,Other,correct,5.117994,animal
J,6.282267,F,Other,correct,4.060443,plant
J,6.345636,F,Other,correct,6.109248,animal
J,6.198479,F,Other,correct,3.044522,plant
J,6.267201,F,Other,correct,3.555348,plant
J,6.100319,F,Other,correct,6.304449,plant
J,6.049733,F,Other,correct,5.192957,plant
J,6.324359,F,Other,correct,4.454347,plant
J,6.122493,F,Other,correct,4.997212,plant
J,6.391917,F,Other,correct,5.214936,animal
J,6.336826,F,Other,correct,4.248495,animal
J,6.411818,F,Other,correct,4.49981,plant
J,6.566672,F,Other,correct,2.995732,animal
J,6.289716,F,Other,correct,4.75359,plant
J,6.082219,F,Other,correct,5.023881,plant
J,6.318968,F,Other,correct,6.063785,animal
J,6.703188,F,Other,correct,3.044522,animal
J,6.204558,F,Other,correct,5.587249,plant
J,6.086775,F,Other,incorrect,5.267858,animal
J,6.280396,F,Other,correct,4.962845,animal
J,6.400257,F,Other,correct,4.204693,plant
J,5.976351,F,Other,incorrect,3.663562,plant
J,6.163315,F,Other,incorrect,3.332205,plant
J,6.102559,F,Other,correct,6.378426,plant
J,5.910797,F,Other,incorrect,2.890372,animal
J,6.335054,F,Other,correct,4.624973,animal
J,6.263398,F,Other,correct,4.812184,plant
J,6.12905,F,Other,correct,7.086738,animal
J,6.113682,F,Other,correct,6.577861,animal
J,6.317165,F,Other,correct,3.433987,plant
J,6.133398,F,Other,correct,3.044522,plant
J,6.2106,F,Other,correct,4.127134,plant
J,6.163315,F,Other,correct,6.120297,animal
J,6.12905,F,Other,correct,2.70805,animal
J,6.2106,F,Other,correct,5.783825,animal
J,6.077642,F,Other,incorrect,2.484907,plant
J,6.317165,F,Other,incorrect,2.484907,plant
J,6.232448,F,Other,correct,4.59512,plant
J,6.084499,F,Other,correct,5.700444,animal
K,6.011267,F,English,correct,4.859812,animal
K,6.075346,F,English,correct,6.59987,animal
K,6.131226,F,English,correct,4.248495,animal
K,6.109248,F,English,correct,6.378426,plant
K,6.311735,F,English,correct,4.060443,plant
K,5.998937,F,English,correct,6.098074,animal
K,6.144186,F,English,correct,6.577861,animal
K,6.100319,F,English,correct,4.682131,animal
K,6.104793,F,English,correct,3.433987,plant
K,6.070738,F,English,correct,3.044522,plant
K,6.216606,F,English,correct,3.044522,animal
K,6.001415,F,English,correct,4.007333,animal
K,6.075346,F,English,incorrect,5.652489,animal
K,6.204558,F,English,correct,5.192957,plant
K,6.070738,F,English,correct,4.844187,animal
K,6.230481,F,English,correct,4.812184,plant
K,6.352629,F,English,correct,4.454347,plant
K,6.297109,F,English,correct,5.918894,animal
K,6.434547,F,English,correct,5.267858,animal
K,6.318968,F,English,correct,3.332205,plant
K,6.142037,F,English,correct,3.663562,plant
K,6.12905,F,English,correct,6.063785,animal
K,6.309918,F,English,correct,2.890372,animal
K,5.950643,F,English,correct,4.727388,plant
K,5.852202,F,English,incorrect,5.631212,plant
K,6.133398,F,English,correct,4.70953,animal
K,6.192362,F,English,correct,2.079442,plant
K,6.052089,F,English,correct,5.587249,plant
K,6.152733,F,English,correct,5.783825,animal
K,6.111467,F,English,correct,7.086738,animal
K,6.156979,F,English,correct,6.228511,animal
K,5.894403,F,English,incorrect,6.461468,plant
K,6.152733,F,English,correct,6.109248,animal
K,6.120297,F,English,correct,3.828641,plant
K,6.169611,F,English,correct,4.962845,animal
K,6.037871,F,English,correct,3.332205,animal
K,6.326149,F,English,correct,4.59512,plant
K,6.20859,F,English,correct,3.988984,plant
K,6.224558,F,English,incorrect,2.995732,animal
K,6.426488,F,English,incorrect,4.49981,plant
K,6.352629,F,English,correct,2.484907,plant
K,6.182085,F,English,correct,4.615121,animal
K,6.188264,F,English,correct,6.304449,plant
K,6.71174,F,English,correct,4.976734,plant
K,6.196444,F,English,correct,2.70805,animal
K,6.194405,F,English,incorrect,5.805135,animal
K,6.284134,F,English,correct,4.043051,animal
K,6.137727,F,English,correct,5.117994,animal
K,6.188264,F,English,correct,5.537334,plant
K,6.580639,F,English,correct,3.951244,animal
K,6.300786,F,English,correct,3.663562,plant
K,6.077642,F,English,correct,5.541264,animal
K,6.329721,F,English,correct,5.129899,animal
K,6.079933,F,English,correct,7.77191,animal
K,6.165418,F,English,correct,5.880533,animal
K,6.45677,F,English,correct,4.75359,plant
K,6.190315,F,English,correct,4.997212,plant
K,6.35437,F,English,correct,5.700444,animal
K,6.357842,F,English,correct,3.970292,animal
K,6.529419,F,English,correct,3.555348,plant
K,6.324359,F,English,correct,4.127134,plant
K,6.313548,F,English,correct,4.204693,plant
K,6.240276,F,English,correct,3.044522,plant
K,5.988961,F,English,correct,5.545177,plant
K,6.033086,F,English,correct,6.660575,animal
K,5.953243,F,English,correct,4.60517,animal
K,6.037871,F,English,correct,5.298317,animal
K,6.152733,F,English,correct,2.833213,plant
K,6.095825,F,English,correct,6.120297,animal
K,6.077642,F,English,correct,5.023881,plant
K,6.077642,F,English,correct,1.791759,plant
K,6.016157,F,English,correct,5.214936,animal
K,6.177944,F,English,correct,2.484907,plant
K,6.493754,F,English,correct,3.637586,animal
K,6.289716,F,English,correct,4.418841,animal
K,6.486161,F,English,correct,7.667626,animal
K,6.122493,F,English,correct,4.442651,plant
K,6.09131,F,English,correct,5.347108,animal
K,6.398595,F,English,correct,4.624973,animal
M1,6.061457,F,English,correct,4.727388,plant
M1,6.107023,F,English,correct,3.951244,animal
M1,6.322565,F,English,correct,4.204693,plant
M1,6.357842,F,English,correct,3.970292,animal
M1,6.120297,F,English,correct,5.117994,animal
M1,6.100319,F,English,correct,6.109248,animal
M1,6.063785,F,English,correct,2.995732,animal
M1,6.267201,F,English,correct,4.043051,animal
M1,6.137727,F,English,correct,5.545177,plant
M1,6.200509,F,English,correct,5.880533,animal
M1,6.214608,F,English,correct,5.587249,plant
M1,6.391917,F,English,correct,4.418841,animal
M1,6.095825,F,English,correct,5.783825,animal
M1,6.163315,F,English,correct,5.805135,animal
M1,6.287859,F,English,correct,3.637586,animal
M1,6.150603,F,English,correct,7.77191,animal
M1,6.126869,F,English,correct,6.120297,animal
M1,6.102559,F,English,correct,6.098074,animal
M1,6.148468,F,English,correct,4.997212,plant
M1,6.066108,F,English,correct,4.962845,animal
M1,6.150603,F,English,correct,5.267858,animal
M1,6.040255,F,English,correct,4.60517,animal
M1,6.075346,F,English,correct,5.129899,animal
M1,6.113682,F,English,correct,6.304449,plant
M1,6.144186,F,English,incorrect,4.615121,animal
M1,6.291569,F,English,correct,6.063785,animal
M1,6.196444,F,English,correct,5.918894,animal
M1,6.356108,F,English,correct,6.59987,animal
M1,6.156979,F,English,correct,5.537334,plant
M1,6.011267,F,English,incorrect,2.079442,plant
M1,6.390241,F,English,correct,4.624973,animal
M1,6.173786,F,English,correct,4.812184,plant
M1,6.137727,F,English,correct,5.541264,animal
M1,6.035481,F,English,correct,3.044522,plant
M1,6.066108,F,English,correct,4.976734,plant
M1,6.347389,F,English,correct,3.044522,animal
M1,6.126869,F,English,correct,6.461468,plant
M1,6.244167,F,English,correct,4.844187,animal
M1,6.148468,F,English,correct,6.378426,plant
M1,6.263398,F,English,correct,3.332205,plant
M1,6.122493,F,English,correct,3.988984,plant
M1,6.037871,F,English,correct,3.828641,plant
M1,6.182085,F,English,correct,4.442651,plant
M1,6.309918,F,English,correct,4.49981,plant
M1,6.244167,F,English,correct,2.484907,plant
M1,6.118097,F,English,correct,4.454347,plant
M1,6.175867,F,English,correct,4.060443,plant
M1,6.184149,F,English,correct,3.663562,plant
M1,6.135565,F,English,correct,2.833213,plant
M1,6.066108,F,English,correct,7.086738,animal
M1,6.054439,F,English,correct,3.044522,plant
M1,7.05445,F,English,correct,5.023881,plant
M1,6.244167,F,English,correct,5.214936,animal
M1,6.077642,F,English,correct,3.555348,plant
M1,6.113682,F,English,correct,4.70953,animal
M1,6.139885,F,English,correct,6.228511,animal
M1,6.139885,F,English,correct,5.631212,plant
M1,6.280396,F,English,correct,2.890372,animal
M1,6.089045,F,English,correct,4.859812,animal
M1,6.077642,F,English,correct,6.577861,animal
M1,6.033086,F,English,correct,5.652489,animal
M1,5.940171,F,English,correct,4.59512,plant
M1,6.326149,F,English,correct,4.248495,animal
M1,6.056784,F,English,correct,3.332205,animal
M1,6.309918,F,English,correct,3.663562,plant
M1,6.084499,F,English,incorrect,1.791759,plant
M1,6.173786,F,English,correct,6.660575,animal
M1,6.156979,F,English,correct,2.70805,animal
M1,6.175867,F,English,correct,5.298317,animal
M1,6.070738,F,English,correct,5.700444,animal
M1,6.056784,F,English,correct,5.347108,animal
M1,6.293419,F,English,correct,2.484907,plant
M1,6.122493,F,English,correct,3.433987,plant
M1,5.998937,F,English,correct,7.667626,animal
M1,6.131226,F,English,correct,5.192957,plant
M1,6.154858,F,English,correct,4.75359,plant
M1,6.161207,F,English,correct,4.007333,animal
M1,6.302619,F,English,correct,4.127134,plant
M1,6.329721,F,English,correct,4.682131,animal
M2,6.848005,F,Other,incorrect,2.484907,plant
M2,6.575076,F,Other,correct,4.442651,plant
M2,6.505784,F,Other,correct,6.461468,plant
M2,6.444131,F,Other,correct,5.192957,plant
M2,6.444131,F,Other,correct,5.541264,animal
M2,6.364751,F,Other,correct,3.044522,plant
M2,6.828712,F,Other,correct,4.615121,animal
M2,6.727432,F,Other,correct,1.791759,plant
M2,6.413459,F,Other,correct,3.663562,plant
M2,6.598509,F,Other,correct,5.918894,animal
M2,6.388561,F,Other,correct,6.59987,animal
M2,6.475433,F,Other,correct,4.454347,plant
M2,6.429719,F,Other,correct,4.859812,animal
M2,6.280396,F,Other,correct,4.812184,plant
M2,6.361302,F,Other,correct,6.577861,animal
M2,6.782192,F,Other,correct,3.044522,plant
M2,7.019297,F,Other,correct,4.682131,animal
M2,6.698268,F,Other,correct,3.433987,plant
M2,6.284134,F,Other,correct,5.129899,animal
M2,6.603944,F,Other,correct,2.70805,animal
M2,6.43935,F,Other,correct,5.545177,plant
M2,7.002156,F,Other,correct,4.043051,animal
M2,6.768493,F,Other,correct,6.063785,animal
M2,6.453625,F,Other,correct,5.652489,animal
M2,6.476972,F,Other,correct,4.844187,animal
M2,6.282267,F,Other,correct,5.805135,animal
M2,6.53814,F,Other,correct,2.833213,plant
M2,6.242223,F,Other,correct,6.660575,animal
M2,6.280396,F,Other,correct,4.976734,plant
M2,6.511745,F,Other,correct,2.484907,plant
M2,6.309918,F,Other,correct,5.587249,plant
M2,6.674561,F,Other,correct,4.49981,plant
M2,6.380123,F,Other,correct,7.667626,animal
M2,6.313548,F,Other,correct,4.727388,plant
M2,6.257668,F,Other,correct,5.117994,animal
M2,6.71174,F,Other,incorrect,4.624973,animal
M2,6.336826,F,Other,correct,5.700444,animal
M2,6.542472,F,Other,correct,5.631212,plant
M2,7.443664,F,Other,correct,3.332205,plant
M2,7.40367,F,Other,correct,3.637586,animal
M2,6.680855,F,Other,correct,3.663562,plant
M2,7.314553,F,Other,correct,4.70953,animal
M2,6.648985,F,Other,correct,5.298317,animal
M2,6.864848,F,Other,correct,4.204693,plant
M2,6.769642,F,Other,correct,3.555348,plant
M2,6.272877,F,Other,correct,5.347108,animal
M2,6.472346,F,Other,correct,4.962845,animal
M2,6.23637,F,Other,correct,6.378426,plant
M2,6.298949,F,Other,correct,6.120297,animal
M2,6.444131,F,Other,correct,5.880533,animal
M2,6.297109,F,Other,correct,6.109248,animal
M2,6.2186,F,Other,correct,4.997212,plant
M2,6.257668,F,Other,correct,5.783825,animal
M2,6.09357,F,Other,correct,5.267858,animal
M2,6.340359,F,Other,correct,4.127134,plant
M2,6.553933,F,Other,correct,3.044522,animal
M2,6.862758,F,Other,incorrect,4.418841,animal
M2,6.553933,F,Other,incorrect,2.079442,plant
M2,6.421622,F,Other,correct,7.77191,animal
M2,6.200509,F,Other,correct,5.023881,plant
M2,6.380123,F,Other,correct,5.214936,animal
M2,6.679599,F,Other,correct,3.332205,animal
M2,6.390241,F,Other,correct,6.304449,plant
M2,6.44572,F,Other,correct,4.75359,plant
M2,6.415097,F,Other,correct,4.060443,plant
M2,6.322565,F,Other,correct,5.537334,plant
M2,6.520621,F,Other,correct,6.228511,animal
M2,6.39693,F,Other,correct,3.970292,animal
M2,6.388561,F,Other,correct,3.951244,animal
M2,6.278521,F,Other,correct,7.086738,animal
M2,6.293419,F,Other,correct,4.60517,animal
M2,6.562444,F,Other,correct,3.828641,plant
M2,6.565265,F,Other,correct,4.007333,animal
M2,7.113142,F,Other,correct,2.995732,animal
M2,7.07327,F,Other,correct,4.248495,animal
M2,6.431331,F,Other,correct,4.59512,plant
M2,6.842683,F,Other,correct,2.890372,animal
M2,6.285998,F,Other,correct,3.988984,plant
M2,6.452049,F,Other,correct,6.098074,animal
P,7.005789,F,Other,incorrect,2.70805,animal
P,6.403574,F,Other,correct,3.988984,plant
P,6.466145,F,Other,correct,5.652489,animal
P,6.44254,F,Other,correct,4.418841,animal
P,6.398595,F,Other,correct,5.298317,animal
P,6.204558,F,Other,correct,6.120297,animal
P,6.33328,F,Other,correct,4.615121,animal
P,6.658011,F,Other,correct,4.70953,animal
P,6.380123,F,Other,correct,4.442651,plant
P,6.335054,F,Other,correct,5.117994,animal
P,6.302619,F,Other,correct,6.063785,animal
P,6.152733,F,Other,correct,6.304449,plant
P,6.259581,F,Other,correct,7.086738,animal
P,6.249975,F,Other,correct,4.204693,plant
P,6.278521,F,Other,correct,6.098074,animal
P,6.532334,F,Other,correct,4.997212,plant
P,6.224558,F,Other,correct,6.228511,animal
P,6.795706,F,Other,correct,3.637586,animal
P,6.2186,F,Other,correct,6.577861,animal
P,6.466145,F,Other,correct,3.555348,plant
P,6.327937,F,Other,correct,3.044522,plant
P,6.758095,F,Other,correct,4.248495,animal
P,6.388561,F,Other,correct,6.660575,animal
P,6.467699,F,Other,correct,3.663562,plant
P,6.411818,F,Other,correct,3.433987,plant
P,6.347389,F,Other,correct,4.060443,plant
P,6.369901,F,Other,correct,7.77191,animal
P,6.624065,F,Other,correct,4.727388,plant
P,6.43615,F,Other,correct,4.859812,animal
P,6.202536,F,Other,correct,4.60517,animal
P,6.304449,F,Other,correct,5.267858,animal
P,6.423247,F,Other,correct,5.541264,animal
P,6.761573,F,Other,correct,3.332205,animal
P,6.867974,F,Other,correct,2.079442,plant
P,6.49224,F,Other,correct,4.844187,animal
P,6.55108,F,Other,correct,4.624973,animal
P,6.444131,F,Other,correct,5.880533,animal
P,6.282267,F,Other,correct,4.127134,plant
P,6.447306,F,Other,correct,2.833213,plant
P,6.352629,F,Other,correct,4.976734,plant
P,6.642487,F,Other,correct,3.332205,plant
P,7.085901,F,Other,correct,2.995732,animal
P,6.437752,F,Other,correct,5.537334,plant
P,6.259581,F,Other,correct,6.378426,plant
P,6.326149,F,Other,correct,4.962845,animal
P,6.270988,F,Other,correct,3.828641,plant
P,6.326149,F,Other,correct,2.484907,plant
P,6.774224,F,Other,correct,4.043051,animal
P,6.278521,F,Other,correct,5.347108,animal
P,6.276643,F,Other,correct,4.75359,plant
P,6.317165,F,Other,correct,7.667626,animal
P,6.285998,F,Other,correct,5.129899,animal
P,6.51323,F,Other,correct,5.587249,plant
P,6.359574,F,Other,correct,4.682131,animal
P,6.498282,F,Other,correct,5.214936,animal
P,6.297109,F,Other,correct,4.812184,plant
P,6.171701,F,Other,correct,6.461468,plant
P,6.177944,F,Other,correct,4.59512,plant
P,6.295266,F,Other,correct,5.023881,plant
P,6.428105,F,Other,correct,5.700444,animal
P,6.562444,F,Other,correct,2.484907,plant
P,6.327937,F,Other,correct,5.545177,plant
P,6.824374,F,Other,correct,4.49981,plant
P,6.364751,F,Other,correct,5.631212,plant
P,6.937314,F,Other,correct,3.044522,animal
P,6.507278,F,Other,correct,5.805135,animal
P,6.608001,F,Other,correct,3.663562,plant
P,6.483107,F,Other,correct,3.951244,animal
P,6.338594,F,Other,correct,6.59987,animal
P,6.318968,F,Other,correct,5.918894,animal
P,6.364751,F,Other,correct,1.791759,plant
P,6.461468,F,Other,correct,3.970292,animal
P,6.317165,F,Other,correct,5.783825,animal
P,6.452049,F,Other,correct,4.007333,animal
P,6.532334,F,Other,correct,2.890372,animal
P,6.508769,F,Other,correct,4.454347,plant
P,6.240276,F,Other,correct,3.044522,plant
P,6.154858,F,Other,correct,5.192957,plant
P,6.20859,F,Other,correct,6.109248,animal
R1,6.194405,F,English,correct,5.700444,animal
R1,6.180017,F,English,correct,5.347108,animal
R1,6.40688,F,English,correct,2.484907,plant
R1,6.276643,F,English,correct,5.783825,animal
R1,6.163315,F,English,correct,5.267858,animal
R1,6.336826,F,English,correct,3.433987,plant
R1,6.257668,F,English,correct,6.109248,animal
R1,6.198479,F,English,correct,3.332205,animal
R1,6.133398,F,English,correct,4.844187,animal
R1,6.180017,F,English,correct,5.652489,animal
R1,6.161207,F,English,correct,4.060443,plant
R1,5.981414,F,English,correct,4.204693,plant
R1,6.177944,F,English,correct,4.615121,animal
R1,6.234411,F,English,correct,4.859812,animal
R1,6.390241,F,English,correct,4.962845,animal
R1,6.274762,F,English,correct,4.976734,plant
R1,6.198479,F,English,incorrect,6.228511,animal
R1,6.202536,F,English,correct,4.442651,plant
R1,6.234411,F,English,correct,5.023881,plant
R1,6.276643,F,English,correct,3.828641,plant
R1,6.115892,F,English,incorrect,3.637586,animal
R1,6.313548,F,English,correct,3.663562,plant
R1,6.282267,F,English,correct,3.663562,plant
R1,6.650279,F,English,correct,3.951244,animal
R1,6.33328,F,English,correct,4.043051,animal
R1,6.391917,F,English,correct,6.098074,animal
R1,6.144186,F,English,correct,6.59987,animal
R1,6.244167,F,English,correct,2.079442,plant
R1,6.212606,F,English,correct,3.988984,plant
R1,6.514713,F,English,correct,2.995732,animal
R1,6.50279,F,English,incorrect,4.418841,animal
R1,6.289716,F,English,correct,4.454347,plant
R1,6.408529,F,English,correct,4.70953,animal
R1,6.293419,F,English,correct,4.997212,plant
R1,6.280396,F,English,correct,3.332205,plant
R1,6.278521,F,English,correct,6.304449,plant
R1,6.131226,F,English,correct,4.812184,plant
R1,7.425358,F,English,correct,3.555348,plant
R1,6.44572,F,English,correct,6.461468,plant
R1,6.633318,F,English,correct,4.248495,animal
R1,6.93537,F,English,correct,4.727388,plant
R1,6.39693,F,English,correct,5.541264,animal
R1,6.6995,F,English,correct,4.60517,animal
R1,6.298949,F,English,correct,4.682131,animal
R1,6.315358,F,English,correct,4.49981,plant
R1,6.272877,F,English,correct,5.192957,plant
R1,6.200509,F,English,correct,5.545177,plant
R1,6.322565,F,English,correct,5.214936,animal
R1,6.263398,F,English,correct,3.044522,plant
R1,6.232448,F,English,correct,4.127134,plant
R1,6.368187,F,English,correct,7.667626,animal
R1,6.171701,F,English,correct,2.833213,plant
R1,6.562444,F,English,correct,5.918894,animal
R1,6.335054,F,English,correct,6.660575,animal
R1,6.228511,F,English,correct,5.805135,animal
R1,6.144186,F,English,correct,5.117994,animal
R1,6.226537,F,English,correct,5.880533,animal
R1,6.265301,F,English,correct,4.624973,animal
R1,6.361302,F,English,correct,6.120297,animal
R1,6.514713,F,English,incorrect,3.044522,animal
R1,6.297109,F,English,correct,3.970292,animal
R1,6.280396,F,English,correct,7.77191,animal
R1,6.52503,F,English,correct,7.086738,animal
R1,6.173786,F,English,correct,4.59512,plant
R1,6.291569,F,English,correct,5.587249,plant
R1,6.315358,F,English,correct,4.75359,plant
R1,6.287859,F,English,correct,5.298317,animal
R1,6.165418,F,English,correct,6.577861,animal
R1,6.300786,F,English,correct,5.631212,plant
R1,6.09131,F,English,correct,2.70805,animal
R1,6.135565,F,English,incorrect,2.890372,animal
R1,6.274762,F,English,correct,3.044522,plant
R1,6.302619,F,English,correct,1.791759,plant
R1,6.490724,F,English,correct,6.378426,plant
R1,6.212606,F,English,correct,5.537334,plant
R1,6.200509,F,English,correct,6.063785,animal
R1,6.171701,F,English,correct,2.484907,plant
R1,6.025866,F,English,correct,5.129899,animal
R1,6.263398,F,English,correct,4.007333,animal
R2,6.410175,M,English,correct,5.298317,animal
R2,6.423247,M,English,correct,5.023881,plant
R2,6.510258,M,English,correct,2.890372,animal
R2,6.349139,M,English,correct,5.880533,animal
R2,6.51323,M,English,correct,3.637586,animal
R2,6.398595,M,English,correct,6.120297,animal
R2,6.410175,M,English,correct,4.75359,plant
R2,6.359574,M,English,correct,3.332205,plant
R2,6.302619,M,English,correct,5.631212,plant
R2,6.669498,M,English,correct,6.109248,animal
R2,6.447306,M,English,correct,4.007333,animal
R2,6.618739,M,English,correct,4.615121,animal
R2,6.352629,M,English,correct,7.086738,animal
R2,6.54103,M,English,correct,4.043051,animal
R2,6.287859,M,English,correct,5.541264,animal
R2,6.390241,M,English,correct,5.537334,plant
R2,6.405228,M,English,correct,6.063785,animal
R2,6.356108,M,English,correct,6.59987,animal
R2,6.311735,M,English,correct,3.828641,plant
R2,6.315358,M,English,correct,5.918894,animal
R2,6.393591,M,English,correct,3.555348,plant
R2,6.55108,M,English,correct,5.783825,animal
R2,6.582025,M,English,correct,4.962845,animal
R2,6.642487,M,English,correct,6.378426,plant
R2,6.927558,M,English,correct,2.484907,plant
R2,6.405228,M,English,correct,6.660575,animal
R2,6.666957,M,English,correct,4.127134,plant
R2,6.646391,M,English,correct,7.77191,animal
R2,6.591674,M,English,correct,3.044522,plant
R2,6.50129,M,English,correct,5.545177,plant
R2,6.536692,M,English,correct,4.976734,plant
R2,6.434547,M,English,correct,6.577861,animal
R2,6.50129,M,English,correct,4.682131,animal
R2,6.347389,M,English,correct,4.442651,plant
R2,6.461468,M,English,correct,2.70805,animal
R2,6.565265,M,English,correct,4.844187,animal
R2,6.416732,M,English,correct,3.044522,plant
R2,6.352629,M,English,correct,4.997212,plant
R2,6.532334,M,English,correct,3.970292,animal
R2,6.584791,M,English,correct,4.624973,animal
R2,6.398595,M,English,correct,3.988984,plant
R2,6.272877,M,English,correct,5.700444,animal
R2,6.584791,M,English,correct,4.59512,plant
R2,6.385194,M,English,correct,5.347108,animal
R2,6.408529,M,English,correct,4.727388,plant
R2,6.72022,M,English,correct,4.49981,plant
R2,6.690842,M,English,correct,2.484907,plant
R2,6.505784,M,English,correct,6.461468,plant
R2,6.424869,M,English,correct,6.098074,animal
R2,6.369901,M,English,correct,5.652489,animal
R2,6.49224,M,English,correct,6.228511,animal
R2,6.822197,M,English,correct,3.663562,plant
R2,6.467699,M,English,correct,3.332205,animal
R2,6.238325,M,English,correct,5.587249,plant
R2,6.378426,M,English,correct,4.859812,animal
R2,6.461468,M,English,correct,4.70953,animal
R2,6.552508,M,English,correct,4.418841,animal
R2,6.65544,M,English,correct,2.079442,plant
R2,6.300786,M,English,correct,7.667626,animal
R2,6.903747,M,English,correct,4.812184,plant
R2,6.605298,M,English,correct,4.248495,animal
R2,6.447306,M,English,correct,5.117994,animal
R2,6.577861,M,English,correct,4.454347,plant
R2,6.388561,M,English,correct,2.833213,plant
R2,6.39693,M,English,correct,3.951244,animal
R2,6.401917,M,English,correct,5.192957,plant
R2,6.380123,M,English,correct,5.129899,animal
R2,6.584791,M,English,correct,3.044522,animal
R2,6.419995,M,English,correct,2.995732,animal
R2,6.475433,M,English,correct,5.214936,animal
R2,6.322565,M,English,correct,4.60517,animal
R2,6.632002,M,English,correct,4.060443,plant
R2,6.284134,M,English,correct,1.791759,plant
R2,6.561031,M,English,correct,3.663562,plant
R2,6.47851,M,English,correct,4.204693,plant
R2,6.350886,M,English,correct,5.805135,animal
R2,6.142037,M,English,correct,6.304449,plant
R2,6.476972,M,English,correct,3.433987,plant
R2,6.331502,M,English,correct,5.267858,animal
R3,6.799056,M,English,correct,6.109248,animal
R3,6.345636,M,English,correct,5.631212,plant
R3,6.265301,M,English,correct,3.637586,animal
R3,6.047372,M,English,correct,7.667626,animal
R3,6.302619,M,English,correct,5.298317,animal
R3,6.693324,M,English,correct,4.624973,animal
R3,6.693324,M,English,correct,4.60517,animal
R3,6.835185,M,English,correct,4.248495,animal
R3,6.329721,M,English,correct,4.204693,plant
R3,6.293419,M,English,correct,5.537334,plant
R3,6.345636,M,English,correct,6.098074,animal
R3,6.329721,M,English,correct,4.043051,animal
R3,6.126869,M,English,correct,3.332205,animal
R3,6.473891,M,English,correct,3.970292,animal
R3,6.635947,M,English,correct,4.442651,plant
R3,6.188264,M,English,correct,5.117994,animal
R3,6.234411,M,English,correct,4.844187,animal
R3,6.313548,M,English,correct,4.59512,plant
R3,6.212606,M,English,correct,6.228511,animal
R3,6.591674,M,English,correct,5.587249,plant
R3,6.687109,M,English,correct,5.214936,animal
R3,6.871091,M,English,correct,2.484907,plant
R3,6.614726,M,English,correct,3.663562,plant
R3,6.582025,M,English,correct,4.060443,plant
R3,6.533789,M,English,correct,3.044522,plant
R3,6.49224,M,English,correct,5.541264,animal
R3,6.400257,M,English,correct,4.812184,plant
R3,6.393591,M,English,correct,3.433987,plant
R3,6.472346,M,English,correct,6.577861,animal
R3,6.150603,M,English,correct,5.545177,plant
R3,6.626718,M,English,correct,3.663562,plant
R3,6.2186,M,English,correct,3.332205,plant
R3,6.472346,M,English,correct,4.859812,animal
R3,6.347389,M,English,correct,3.828641,plant
R3,6.480045,M,English,correct,5.129899,animal
R3,6.347389,M,English,correct,5.700444,animal
R3,6.884487,M,English,correct,4.615121,animal
R3,6.481577,M,English,correct,4.976734,plant
R3,6.335054,M,English,correct,4.997212,plant
R3,6.202536,M,English,correct,5.805135,animal
R3,6.375025,M,English,correct,7.086738,animal
R3,6.381816,M,English,correct,3.951244,animal
R3,6.175867,M,English,correct,5.918894,animal
R3,6.543912,M,English,correct,4.127134,plant
R3,6.180017,M,English,correct,3.044522,plant
R3,6.569481,M,English,correct,2.70805,animal
R3,6.331502,M,English,correct,6.304449,plant
R3,6.059123,M,English,correct,6.378426,plant
R3,6.150603,M,English,correct,5.783825,animal
R3,6.356108,M,English,incorrect,3.044522,animal
R3,6.584791,M,English,correct,4.682131,animal
R3,6.57368,M,English,correct,5.267858,animal
R3,6.274762,M,English,correct,4.727388,plant
R3,6.375025,M,English,correct,6.063785,animal
R3,6.583409,M,English,correct,6.461468,plant
R3,6.498282,M,English,correct,2.079442,plant
R3,6.461468,M,English,correct,6.120297,animal
R3,6.376727,M,English,correct,3.988984,plant
R3,6.46925,M,English,correct,4.962845,animal
R3,6.263398,M,English,correct,6.59987,animal
R3,6.163315,M,English,correct,6.660575,animal
R3,6.184149,M,English,correct,7.77191,animal
R3,6.40688,M,English,correct,4.418841,animal
R3,6.175867,M,English,correct,5.023881,plant
R3,6.226537,M,English,correct,1.791759,plant
R3,6.276643,M,English,correct,2.890372,animal
R3,6.464588,M,English,correct,2.833213,plant
R3,6.139885,M,English,correct,5.880533,animal
R3,6.196444,M,English,correct,5.192957,plant
R3,6.660575,M,English,correct,4.454347,plant
R3,6.447306,M,English,correct,2.484907,plant
R3,6.393591,M,English,correct,2.995732,animal
R3,6.388561,M,English,correct,3.555348,plant
R3,6.165418,M,English,incorrect,4.007333,animal
R3,6.481577,M,English,correct,4.49981,plant
R3,6.253829,M,English,correct,4.75359,plant
R3,6.267201,M,English,correct,5.652489,animal
R3,6.34388,M,English,correct,4.70953,animal
R3,6.167516,M,English,correct,5.347108,animal
S,6.118097,F,English,correct,5.700444,animal
S,6.161207,F,English,correct,6.304449,plant
S,6.25575,F,English,correct,2.70805,animal
S,6.230481,F,English,correct,3.951244,animal
S,6.234411,F,English,correct,1.791759,plant
S,6.285998,F,English,correct,4.624973,animal
S,6.23637,F,English,correct,4.060443,plant
S,6.142037,F,English,correct,4.75359,plant
S,6.224558,F,English,correct,4.844187,animal
S,6.329721,F,English,correct,5.545177,plant
S,6.663133,F,English,correct,5.805135,animal
S,6.357842,F,English,correct,4.60517,animal
S,6.605298,F,English,correct,4.70953,animal
S,6.418365,F,English,correct,6.577861,animal
S,6.921658,F,English,correct,2.995732,animal
S,6.973543,F,English,correct,4.248495,animal
S,6.190315,F,English,correct,4.976734,plant
S,6.265301,F,English,correct,3.332205,plant
S,6.452049,F,English,correct,2.484907,plant
S,6.282267,F,English,correct,2.833213,plant
S,6.869014,F,English,correct,3.663562,plant
S,6.291569,F,English,correct,5.783825,animal
S,6.926577,F,English,correct,3.970292,animal
S,6.508769,F,English,correct,5.117994,animal
S,6.543912,F,English,correct,3.663562,plant
S,6.383507,F,English,correct,3.828641,plant
S,7.142037,F,English,correct,4.615121,animal
S,6.638568,F,English,correct,2.484907,plant
S,6.324359,F,English,correct,4.59512,plant
S,6.43615,F,English,correct,7.77191,animal
S,6.385194,F,English,correct,5.023881,plant
S,6.472346,F,English,correct,3.988984,plant
S,6.347389,F,English,correct,3.044522,plant
S,6.621406,F,English,correct,5.214936,animal
S,6.238325,F,English,correct,6.378426,plant
S,6.261492,F,English,correct,5.587249,plant
S,6.309918,F,English,correct,4.454347,plant
S,6.315358,F,English,correct,5.918894,animal
S,6.398595,F,English,correct,7.667626,animal
S,6.665684,F,English,correct,5.537334,plant
S,6.423247,F,English,correct,4.442651,plant
S,6.458338,F,English,correct,5.880533,animal
S,6.535241,F,English,correct,4.007333,animal
S,6.315358,F,English,correct,5.652489,animal
S,6.308098,F,English,correct,5.267858,animal
S,6.190315,F,English,correct,5.347108,animal
S,6.388561,F,English,correct,3.044522,animal
S,6.347389,F,English,correct,4.682131,animal
S,6.240276,F,English,correct,4.997212,plant
S,6.228511,F,English,correct,4.812184,plant
S,6.169611,F,English,correct,6.120297,animal
S,6.318968,F,English,correct,3.044522,plant
S,6.142037,F,English,correct,6.109248,animal
S,6.661855,F,English,correct,3.433987,plant
S,6.375025,F,English,correct,5.298317,animal
S,6.109248,F,English,correct,6.098074,animal
S,6.359574,F,English,correct,4.859812,animal
S,6.388561,F,English,correct,6.660575,animal
S,6.192362,F,English,correct,2.890372,animal
S,6.198479,F,English,incorrect,4.043051,animal
S,6.378426,F,English,correct,5.631212,plant
S,6.280396,F,English,correct,5.541264,animal
S,6.148468,F,English,correct,4.962845,animal
S,6.416732,F,English,correct,4.49981,plant
S,6.356108,F,English,correct,6.228511,animal
S,6.291569,F,English,correct,4.204693,plant
S,6.356108,F,English,correct,4.727388,plant
S,6.089045,F,English,correct,5.129899,animal
S,6.188264,F,English,correct,3.555348,plant
S,6.135565,F,English,correct,6.063785,animal
S,6.025866,F,English,correct,6.59987,animal
S,6.582025,F,English,correct,3.332205,animal
S,6.120297,F,English,correct,6.461468,plant
S,6.400257,F,English,correct,4.418841,animal
S,6.2186,F,English,correct,5.192957,plant
S,6.429719,F,English,correct,3.637586,animal
S,6.318968,F,English,correct,7.086738,animal
S,6.612041,F,English,correct,2.079442,plant
S,6.391917,F,English,correct,4.127134,plant
T1,6.204558,F,English,correct,6.59987,animal
T1,6.240276,F,English,correct,7.086738,animal
T1,6.375025,F,English,correct,3.433987,plant
T1,6.715383,F,English,correct,5.545177,plant
T1,6.357842,F,English,correct,2.833213,plant
T1,6.300786,F,English,correct,1.791759,plant
T1,6.326149,F,English,correct,4.204693,plant
T1,6.413459,F,English,correct,5.117994,animal
T1,6.342121,F,English,correct,4.75359,plant
T1,6.177944,F,English,correct,3.044522,plant
T1,6.295266,F,English,correct,5.805135,animal
T1,6.74876,F,English,incorrect,3.044522,animal
T1,6.680855,F,English,correct,2.079442,plant
T1,6.276643,F,English,correct,5.267858,animal
T1,6.45047,F,English,correct,4.060443,plant
T1,6.593045,F,English,correct,2.890372,animal
T1,6.188264,F,English,correct,6.098074,animal
T1,6.39693,F,English,correct,4.844187,animal
T1,6.507278,F,English,correct,3.637586,animal
T1,6.340359,F,English,correct,5.587249,plant
T1,6.381816,F,English,correct,4.007333,animal
T1,6.452049,F,English,correct,5.214936,animal
T1,6.249975,F,English,correct,5.783825,animal
T1,6.306275,F,English,correct,6.228511,animal
T1,6.745236,F,English,correct,3.663562,plant
T1,6.452049,F,English,correct,4.442651,plant
T1,6.278521,F,English,correct,2.995732,animal
T1,6.113682,F,English,correct,2.484907,plant
T1,6.326149,F,English,correct,5.298317,animal
T1,7.125283,F,English,correct,4.043051,animal
T1,6.261492,F,English,correct,5.631212,plant
T1,6.424869,F,English,correct,4.127134,plant
T1,6.487684,F,English,correct,3.828641,plant
T1,6.472346,F,English,correct,6.378426,plant
T1,6.393591,F,English,correct,4.859812,animal
T1,6.70196,F,English,correct,5.700444,animal
T1,6.40688,F,English,correct,3.332205,animal
T1,6.253829,F,English,correct,7.77191,animal
T1,6.562444,F,English,correct,3.332205,plant
T1,6.003887,F,English,correct,6.461468,plant
T1,6.196444,F,English,correct,4.976734,plant
T1,6.381816,F,English,correct,5.129899,animal
T1,6.338594,F,English,correct,4.49981,plant
T1,6.291569,F,English,correct,3.970292,animal
T1,6.329721,F,English,correct,6.304449,plant
T1,6.361302,F,English,correct,3.988984,plant
T1,6.212606,F,English,correct,7.667626,animal
T1,6.369901,F,English,correct,5.652489,animal
T1,6.424869,F,English,correct,4.624973,animal
T1,6.597146,F,English,correct,4.418841,animal
T1,6.192362,F,English,correct,6.577861,animal
T1,6.45047,F,English,correct,4.682131,animal
T1,6.324359,F,English,correct,5.541264,animal
T1,6.424869,F,English,correct,3.663562,plant
T1,6.317165,F,English,correct,3.555348,plant
T1,6.084499,F,English,incorrect,5.918894,animal
T1,6.326149,F,English,correct,5.347108,animal
T1,6.584791,F,English,correct,4.248495,animal
T1,6.335054,F,English,correct,3.044522,plant
T1,6.496775,F,English,correct,4.70953,animal
T1,6.388561,F,English,correct,4.60517,animal
T1,6.269096,F,English,correct,5.023881,plant
T1,6.184149,F,English,correct,2.70805,animal
T1,6.188264,F,English,correct,4.59512,plant
T1,6.200509,F,English,correct,5.880533,animal
T1,6.309918,F,English,correct,6.109248,animal
T1,6.388561,F,English,correct,4.962845,animal
T1,6.517671,F,English,correct,2.484907,plant
T1,6.408529,F,English,correct,4.615121,animal
T1,6.073045,F,English,incorrect,6.120297,animal
T1,6.318968,F,English,correct,4.727388,plant
T1,6.45677,F,English,correct,4.454347,plant
T1,6.33328,F,English,correct,6.063785,animal
T1,6.180017,F,English,correct,3.951244,animal
T1,6.214608,F,English,correct,4.812184,plant
T1,6.287859,F,English,correct,5.192957,plant
T1,6.102559,F,English,correct,4.997212,plant
T1,6.293419,F,English,correct,6.660575,animal
T1,6.173786,F,English,correct,5.537334,plant
T2,7.2086,F,Other,correct,4.043051,animal
T2,7.198184,F,Other,correct,2.484907,plant
T2,6.846943,F,Other,correct,7.77191,animal
T2,6.829794,F,Other,correct,3.044522,plant
T2,7.007601,F,Other,correct,3.951244,animal
T2,6.822197,F,Other,correct,5.023881,plant
T2,6.763885,F,Other,correct,2.70805,animal
T2,6.971669,F,Other,correct,4.70953,animal
T2,7.587311,F,Other,incorrect,2.079442,plant
T2,6.821107,F,Other,correct,5.214936,animal
T2,7.037906,F,Other,correct,5.298317,animal
T2,6.835185,F,Other,correct,4.060443,plant
T2,6.630683,F,Other,correct,4.127134,plant
T2,6.890609,F,Other,correct,4.844187,animal
T2,6.602588,F,Other,correct,7.667626,animal
T2,6.725034,F,Other,correct,4.727388,plant
T2,7.017506,F,Other,correct,4.624973,animal
T2,6.57368,F,Other,correct,3.044522,plant
T2,6.969791,F,Other,incorrect,4.59512,plant
T2,7.032624,F,Other,correct,3.555348,plant
T2,6.848005,F,Other,correct,3.970292,animal
T2,6.805723,F,Other,incorrect,2.995732,animal
T2,6.966024,F,Other,correct,4.60517,animal
T2,6.81564,F,Other,correct,4.49981,plant
T2,6.731018,F,Other,correct,5.587249,plant
T2,6.993015,F,Other,correct,6.109248,animal
T2,6.768493,F,Other,correct,5.783825,animal
T2,6.476972,F,Other,correct,7.086738,animal
T2,6.940222,F,Other,correct,3.988984,plant
T2,6.371612,F,Other,correct,5.631212,plant
T2,6.526495,F,Other,correct,6.660575,animal
T2,7.03966,F,Other,correct,4.682131,animal
T2,6.849066,F,Other,correct,4.442651,plant
T2,6.884487,F,Other,correct,4.75359,plant
T2,6.814543,F,Other,correct,5.880533,animal
T2,7.014814,F,Other,correct,4.007333,animal
T2,6.874198,F,Other,incorrect,3.637586,animal
T2,7.224025,F,Other,incorrect,4.248495,animal
T2,6.886532,F,Other,correct,5.267858,animal
T2,6.768493,F,Other,correct,4.962845,animal
T2,6.568078,F,Other,correct,6.098074,animal
T2,6.900731,F,Other,correct,1.791759,plant
T2,7.117206,F,Other,correct,2.484907,plant
T2,7.055313,F,Other,correct,2.890372,animal
T2,6.716595,F,Other,correct,5.545177,plant
T2,6.590301,F,Other,correct,4.418841,animal
T2,6.654153,F,Other,correct,2.833213,plant
T2,6.566672,F,Other,correct,3.663562,plant
T2,6.493754,F,Other,correct,5.918894,animal
T2,6.511745,F,Other,correct,6.304449,plant
T2,6.781058,F,Other,correct,3.828641,plant
T2,6.811244,F,Other,incorrect,4.615121,animal
T2,6.877296,F,Other,incorrect,4.204693,plant
T2,6.813445,F,Other,correct,4.454347,plant
T2,6.719013,F,Other,correct,4.812184,plant
T2,6.754604,F,Other,correct,6.378426,plant
T2,6.795706,F,Other,correct,5.192957,plant
T2,7.053586,F,Other,correct,5.117994,animal
T2,6.582025,F,Other,correct,5.129899,animal
T2,6.812345,F,Other,correct,6.228511,animal
T2,6.872128,F,Other,correct,6.461468,plant
T2,6.628041,F,Other,correct,5.700444,animal
T2,6.532334,F,Other,correct,6.59987,animal
T2,6.530878,F,Other,correct,3.332205,plant
T2,6.603944,F,Other,correct,4.976734,plant
T2,6.569481,F,Other,correct,6.577861,animal
T2,6.583409,F,Other,correct,4.859812,animal
T2,6.768493,F,Other,correct,6.120297,animal
T2,6.803505,F,Other,correct,3.433987,plant
T2,7.036148,F,Other,correct,3.332205,animal
T2,6.597146,F,Other,correct,5.537334,plant
T2,6.514713,F,Other,correct,5.347108,animal
T2,6.723832,F,Other,correct,3.663562,plant
T2,6.542472,F,Other,correct,5.652489,animal
T2,7.223296,F,Other,correct,6.063785,animal
T2,6.50279,F,Other,correct,5.805135,animal
T2,7.053586,F,Other,correct,4.997212,plant
T2,6.673298,F,Other,correct,5.541264,animal
T2,6.88551,F,Other,correct,3.044522,animal
V,6.921658,F,Other,incorrect,3.044522,animal
V,6.958448,F,Other,correct,5.117994,animal
V,6.426488,F,Other,correct,7.667626,animal
V,6.756932,F,Other,correct,3.663562,plant
V,6.844815,F,Other,correct,4.962845,animal
V,6.371612,F,Other,correct,5.347108,animal
V,6.493754,F,Other,correct,4.127134,plant
V,6.603944,F,Other,correct,4.682131,animal
V,6.338594,F,Other,correct,5.880533,animal
V,6.447306,F,Other,correct,6.120297,animal
V,6.514713,F,Other,correct,5.541264,animal
V,6.490724,F,Other,correct,4.418841,animal
V,6.753438,F,Other,correct,3.044522,plant
V,6.731018,F,Other,correct,4.454347,plant
V,6.568078,F,Other,correct,4.727388,plant
V,6.40688,F,Other,correct,5.805135,animal
V,6.602588,F,Other,correct,3.332205,plant
V,6.39693,F,Other,correct,6.228511,animal
V,6.781058,F,Other,incorrect,2.079442,plant
V,6.770789,F,Other,correct,3.988984,plant
V,6.452049,F,Other,correct,5.192957,plant
V,7.055313,F,Other,correct,4.624973,animal
V,6.43935,F,Other,correct,4.007333,animal
V,6.378426,F,Other,correct,6.577861,animal
V,6.751101,F,Other,correct,4.442651,plant
V,6.49224,F,Other,correct,5.298317,animal
V,6.605298,F,Other,correct,1.791759,plant
V,6.793466,F,Other,correct,4.70953,animal
V,6.347389,F,Other,correct,6.660575,animal
V,6.539586,F,Other,correct,4.49981,plant
V,6.322565,F,Other,correct,5.700444,animal
V,6.440947,F,Other,correct,4.59512,plant
V,6.590301,F,Other,correct,6.378426,plant
V,6.50279,F,Other,correct,3.433987,plant
V,6.52503,F,Other,correct,4.204693,plant
V,6.703188,F,Other,correct,3.970292,animal
V,6.444131,F,Other,correct,6.098074,animal
V,6.526495,F,Other,correct,5.214936,animal
V,6.352629,F,Other,correct,4.844187,animal
V,6.961296,F,Other,incorrect,6.063785,animal
V,6.729824,F,Other,correct,4.615121,animal
V,6.416732,F,Other,correct,7.086738,animal
V,6.556778,F,Other,correct,4.60517,animal
V,6.582025,F,Other,correct,4.997212,plant
V,6.717805,F,Other,correct,4.812184,plant
V,6.84588,F,Other,correct,6.109248,animal
V,6.626718,F,Other,correct,3.332205,animal
V,6.493754,F,Other,correct,5.129899,animal
V,6.731018,F,Other,correct,3.951244,animal
V,6.883463,F,Other,correct,7.77191,animal
V,6.375025,F,Other,correct,5.023881,plant
V,6.58755,F,Other,correct,5.587249,plant
V,6.426488,F,Other,correct,5.631212,plant
V,6.508769,F,Other,correct,3.044522,plant
V,6.796824,F,Other,correct,4.859812,animal
V,6.795706,F,Other,correct,2.995732,animal
V,6.431331,F,Other,correct,2.484907,plant
V,6.816736,F,Other,correct,4.043051,animal
V,6.572283,F,Other,correct,5.537334,plant
V,6.35437,F,Other,correct,5.267858,animal
V,6.378426,F,Other,correct,2.70805,animal
V,6.527958,F,Other,correct,2.484907,plant
V,6.561031,F,Other,correct,4.75359,plant
V,6.934397,F,Other,correct,4.248495,animal
V,6.507278,F,Other,correct,3.555348,plant
V,6.50279,F,Other,correct,6.304449,plant
V,6.788972,F,Other,correct,2.890372,animal
V,6.461468,F,Other,correct,6.59987,animal
V,6.823286,F,Other,correct,3.637586,animal
V,6.739337,F,Other,correct,3.663562,plant
V,6.679599,F,Other,correct,4.060443,plant
V,6.426488,F,Other,correct,4.976734,plant
V,6.390241,F,Other,correct,5.652489,animal
V,6.475433,F,Other,correct,5.783825,animal
V,6.424869,F,Other,correct,5.545177,plant
V,6.381816,F,Other,correct,5.918894,animal
V,6.618739,F,Other,correct,6.461468,plant
V,6.455199,F,Other,correct,3.828641,plant
V,6.668228,F,Other,correct,2.833213,plant
W1,6.483107,M,English,correct,5.192957,plant
W1,6.329721,M,English,correct,5.783825,animal
W1,6.381816,M,English,correct,6.660575,animal
W1,6.352629,M,English,correct,3.988984,plant
W1,6.278521,M,English,correct,3.433987,plant
W1,6.2186,M,English,correct,5.918894,animal
W1,6.238325,M,English,correct,2.833213,plant
W1,6.570883,M,English,correct,3.637586,animal
W1,6.347389,M,English,correct,4.962845,animal
W1,6.20859,M,English,correct,6.59987,animal
W1,6.244167,M,English,correct,4.49981,plant
W1,6.177944,M,English,correct,5.805135,animal
W1,6.202536,M,English,correct,4.75359,plant
W1,6.380123,M,English,correct,3.044522,plant
W1,6.146329,M,English,correct,6.063785,animal
W1,6.137727,M,English,correct,5.541264,animal
W1,6.561031,M,English,correct,4.624973,animal
W1,6.381816,M,English,correct,3.332205,plant
W1,6.526495,M,English,correct,3.555348,plant
W1,6.36647,M,English,correct,2.890372,animal
W1,6.34388,M,English,correct,4.204693,plant
W1,6.289716,M,English,correct,6.304449,plant
W1,6.329721,M,English,correct,5.347108,animal
W1,6.152733,M,English,correct,2.70805,animal
W1,6.180017,M,English,correct,3.044522,plant
W1,6.338594,M,English,correct,4.454347,plant
W1,6.146329,M,English,correct,4.060443,plant
W1,6.253829,M,English,correct,3.951244,animal
W1,6.182085,M,English,correct,5.537334,plant
W1,6.12905,M,English,correct,5.117994,animal
W1,6.224558,M,English,correct,4.812184,plant
W1,6.144186,M,English,correct,6.098074,animal
W1,6.109248,M,English,correct,5.587249,plant
W1,6.186209,M,English,correct,3.332205,animal
W1,6.202536,M,English,correct,7.086738,animal
W1,6.45047,M,English,incorrect,2.079442,plant
W1,6.202536,M,English,correct,4.682131,animal
W1,6.278521,M,English,correct,4.859812,animal
W1,6.322565,M,English,incorrect,2.484907,plant
W1,6.242223,M,English,correct,5.298317,animal
W1,6.061457,M,English,correct,6.228511,animal
W1,6.122493,M,English,correct,4.59512,plant
W1,6.180017,M,English,correct,5.023881,plant
W1,6.139885,M,English,correct,5.129899,animal
W1,6.466145,M,English,correct,4.043051,animal
W1,6.045005,M,English,correct,6.577861,animal
W1,6.510258,M,English,correct,5.652489,animal
W1,6.282267,M,English,correct,3.828641,plant
W1,6.313548,M,English,correct,6.109248,animal
W1,6.198479,M,English,correct,3.970292,animal
W1,6.226537,M,English,correct,4.007333,animal
W1,6.480045,M,English,correct,4.997212,plant
W1,6.232448,M,English,correct,4.248495,animal
W1,6.317165,M,English,incorrect,3.044522,animal
W1,6.242223,M,English,correct,5.214936,animal
W1,6.216606,M,English,correct,3.663562,plant
W1,6.122493,M,English,correct,5.700444,animal
W1,6.270988,M,English,correct,4.727388,plant
W1,6.142037,M,English,correct,7.77191,animal
W1,6.212606,M,English,correct,2.995732,animal
W1,6.188264,M,English,correct,6.120297,animal
W1,6.216606,M,English,correct,4.418841,animal
W1,6.150603,M,English,correct,4.60517,animal
W1,6.249975,M,English,correct,4.70953,animal
W1,6.224558,M,English,correct,5.267858,animal
W1,6.200509,M,English,correct,7.667626,animal
W1,6.234411,M,English,correct,6.461468,plant
W1,6.133398,M,English,correct,5.880533,animal
W1,6.309918,M,English,correct,5.631212,plant
W1,6.357842,M,English,correct,4.442651,plant
W1,6.304449,M,English,correct,4.127134,plant
W1,6.228511,M,English,correct,5.545177,plant
W1,6.269096,M,English,correct,4.844187,animal
W1,6.248043,M,English,correct,2.484907,plant
W1,6.452049,M,English,correct,3.663562,plant
W1,6.242223,M,English,correct,4.615121,animal
W1,6.270988,M,English,correct,1.791759,plant
W1,6.342121,M,English,correct,4.976734,plant
W1,6.198479,M,English,correct,6.378426,plant
W2,6.625392,M,English,correct,3.433987,plant
W2,6.526495,M,English,correct,2.484907,plant
W2,6.416732,M,English,correct,4.70953,animal
W2,6.401917,M,English,correct,5.537334,plant
W2,6.444131,M,English,correct,2.890372,animal
W2,6.336826,M,English,correct,5.023881,plant
W2,6.194405,M,English,correct,7.086738,animal
W2,6.47851,M,English,correct,5.541264,animal
W2,6.990257,M,English,correct,6.461468,plant
W2,6.579251,M,English,correct,4.060443,plant
W2,6.499787,M,English,correct,4.859812,animal
W2,6.395262,M,English,correct,5.631212,plant
W2,6.802395,M,English,correct,3.044522,plant
W2,6.526495,M,English,correct,5.918894,animal
W2,6.60665,M,English,correct,5.192957,plant
W2,6.634633,M,English,correct,3.637586,animal
W2,6.569481,M,English,correct,4.60517,animal
W2,6.498282,M,English,correct,4.976734,plant
W2,6.43615,M,English,correct,5.347108,animal
W2,6.532334,M,English,correct,5.652489,animal
W2,6.434547,M,English,correct,4.442651,plant
W2,6.395262,M,English,correct,4.812184,plant
W2,6.591674,M,English,correct,2.484907,plant
W2,6.577861,M,English,correct,4.454347,plant
W2,6.533789,M,English,correct,6.577861,animal
W2,6.559615,M,English,correct,6.098074,animal
W2,6.790097,M,English,correct,4.248495,animal
W2,6.81564,M,English,correct,3.044522,plant
W2,6.828712,M,English,correct,4.615121,animal
W2,6.401917,M,English,correct,6.120297,animal
W2,6.693324,M,English,correct,4.75359,plant
W2,6.35437,M,English,correct,5.267858,animal
W2,6.507278,M,English,correct,5.129899,animal
W2,6.527958,M,English,correct,5.117994,animal
W2,6.679599,M,English,correct,2.70805,animal
W2,7.009409,M,English,correct,4.682131,animal
W2,6.300786,M,English,correct,5.700444,animal
W2,6.431331,M,English,correct,3.970292,animal
W2,6.744059,M,English,correct,3.663562,plant
W2,6.533789,M,English,correct,4.127134,plant
W2,6.423247,M,English,correct,4.418841,animal
W2,6.335054,M,English,correct,3.663562,plant
W2,6.642487,M,English,correct,4.624973,animal
W2,6.495266,M,English,correct,7.77191,animal
W2,6.410175,M,English,correct,5.545177,plant
W2,6.190315,M,English,correct,5.783825,animal
W2,6.289716,M,English,correct,7.667626,animal
W2,6.159095,M,English,correct,4.962845,animal
W2,6.352629,M,English,correct,3.988984,plant
W2,6.276643,M,English,correct,1.791759,plant
W2,6.234411,M,English,correct,6.378426,plant
W2,6.318968,M,English,correct,4.59512,plant
W2,6.342121,M,English,correct,2.995732,animal
W2,6.297109,M,English,correct,5.880533,animal
W2,6.363028,M,English,correct,3.332205,plant
W2,6.345636,M,English,correct,5.214936,animal
W2,6.318968,M,English,correct,3.332205,animal
W2,6.257668,M,English,correct,6.304449,plant
W2,6.276643,M,English,correct,6.228511,animal
W2,6.380123,M,English,correct,6.109248,animal
W2,6.263398,M,English,correct,6.063785,animal
W2,6.317165,M,English,correct,4.844187,animal
W2,6.381816,M,English,correct,3.044522,animal
W2,6.652863,M,English,correct,2.833213,plant
W2,6.774224,M,English,correct,5.805135,animal
W2,6.593045,M,English,correct,3.828641,plant
W2,6.43615,M,English,correct,4.49981,plant
W2,6.272877,M,English,correct,4.204693,plant
W2,6.206576,M,English,correct,5.587249,plant
W2,6.142037,M,English,correct,3.951244,animal
W2,6.710523,M,English,correct,2.079442,plant
W2,6.380123,M,English,correct,4.007333,animal
W2,6.50279,M,English,correct,4.043051,animal
W2,6.184149,M,English,correct,6.59987,animal
W2,6.426488,M,English,correct,3.555348,plant
W2,6.22059,M,English,correct,6.660575,animal
W2,6.196444,M,English,correct,4.727388,plant
W2,6.463029,M,English,correct,5.298317,animal
W2,6.336826,M,English,correct,4.997212,plant
Z,6.642487,M,Other,correct,3.044522,plant
Z,6.320768,M,Other,correct,3.332205,plant
Z,6.40688,M,Other,correct,6.461468,plant
Z,6.463029,M,Other,correct,3.970292,animal
Z,6.390241,M,Other,correct,5.192957,plant
Z,6.612041,M,Other,incorrect,2.484907,plant
Z,6.588926,M,Other,correct,5.783825,animal
Z,6.790097,M,Other,correct,4.454347,plant
Z,6.652863,M,Other,correct,4.007333,animal
Z,6.361302,M,Other,correct,5.700444,animal
Z,7.111512,M,Other,correct,3.044522,animal
Z,6.717805,M,Other,correct,6.063785,animal
Z,6.712956,M,Other,correct,6.109248,animal
Z,6.45047,M,Other,correct,6.378426,plant
Z,6.60665,M,Other,correct,2.70805,animal
Z,6.408529,M,Other,correct,5.918894,animal
Z,6.663133,M,Other,correct,5.214936,animal
Z,6.508769,M,Other,correct,5.267858,animal
Z,6.359574,M,Other,correct,5.587249,plant
Z,6.352629,M,Other,correct,5.023881,plant
Z,7.044905,M,Other,correct,3.555348,plant
Z,6.381816,M,Other,correct,6.660575,animal
Z,6.452049,M,Other,correct,3.828641,plant
Z,6.679599,M,Other,correct,4.812184,plant
Z,6.672033,M,Other,correct,4.844187,animal
Z,6.697034,M,Other,correct,4.60517,animal
Z,6.854355,M,Other,correct,2.833213,plant
Z,6.419995,M,Other,correct,4.976734,plant
Z,6.345636,M,Other,correct,5.805135,animal
Z,6.788972,M,Other,incorrect,4.204693,plant
Z,6.43935,M,Other,correct,6.59987,animal
Z,6.526495,M,Other,correct,6.120297,animal
Z,6.293419,M,Other,correct,5.652489,animal
Z,6.905753,M,Other,correct,2.890372,animal
Z,6.74876,M,Other,correct,7.667626,animal
Z,6.508769,M,Other,correct,5.117994,animal
Z,6.6995,M,Other,incorrect,4.624973,animal
Z,6.549651,M,Other,correct,5.298317,animal
Z,6.375025,M,Other,correct,4.727388,plant
Z,7.029973,M,Other,correct,3.637586,animal
Z,6.842683,M,Other,correct,4.043051,animal
Z,6.777647,M,Other,correct,4.418841,animal
Z,6.862758,M,Other,correct,4.615121,animal
Z,6.570883,M,Other,correct,3.951244,animal
Z,7.17549,M,Other,correct,2.995732,animal
Z,7.000334,M,Other,incorrect,4.682131,animal
Z,6.511745,M,Other,correct,6.577861,animal
Z,6.320768,M,Other,correct,5.347108,animal
Z,6.703188,M,Other,incorrect,4.49981,plant
Z,6.804615,M,Other,correct,4.248495,animal
Z,6.751101,M,Other,incorrect,3.663562,plant
Z,6.620073,M,Other,correct,4.442651,plant
Z,6.559615,M,Other,correct,5.541264,animal
Z,7.128496,M,Other,correct,2.484907,plant
Z,6.45047,M,Other,correct,3.663562,plant
Z,6.904751,M,Other,incorrect,2.079442,plant
Z,6.338594,M,Other,correct,6.304449,plant
Z,6.464588,M,Other,correct,3.332205,animal
Z,6.317165,M,Other,correct,6.228511,animal
Z,6.530878,M,Other,correct,4.59512,plant
Z,6.549651,M,Other,correct,3.044522,plant
Z,6.776507,M,Other,correct,3.988984,plant
Z,6.388561,M,Other,correct,6.098074,animal
Z,6.665684,M,Other,correct,5.880533,animal
Z,6.588926,M,Other,correct,4.060443,plant
Z,6.43935,M,Other,correct,5.631212,plant
Z,6.324359,M,Other,correct,5.545177,plant
Z,6.493754,M,Other,correct,4.75359,plant
Z,6.771936,M,Other,correct,1.791759,plant
Z,6.313548,M,Other,correct,4.997212,plant
Z,6.527958,M,Other,correct,4.127134,plant
Z,6.706862,M,Other,correct,4.859812,animal
Z,6.253829,M,Other,correct,7.086738,animal
Z,6.660575,M,Other,correct,5.537334,plant
Z,6.505784,M,Other,correct,4.962845,animal
Z,6.761573,M,Other,correct,4.70953,animal
Z,6.782192,M,Other,correct,3.433987,plant
Z,6.2186,M,Other,correct,5.129899,animal
Z,6.411818,M,Other,correct,7.77191,animal