,Response,Context,Subject,Item,Rater
1,4,n-3,p04,noo3-w,R02
2,4,isolation,p04,noo3-v,R02
3,4,o-3,p04,djuu3-w,R02
4,3,isolation,p04,djuu3-v,R02
5,3,n-7,p04,nuu7-w,R02
6,4,isolation,p04,nuu7-v,R02
7,2,3--3,p04,3oo3-w,R02
8,3,isolation,p04,3oo3-v,R02
9,2,o-7,p04,loo7-w,R02
10,4,o-3,p04,bii3-w,R02
11,3,isolation,p04,bii3-v,R02
12,4,o-7,p04,zii7-w,R02
13,5,o-o,p04,daas-w,R02
14,5,n-o,p04,maat-w,R02
15,5,isolation,p04,maat-v,R02
16,4,7-n,p04,7en-w,R02
17,5,o-n,p04,diin-w,R02
18,3,o-7,p04,zaa7-w,R02
19,4,n-7,p04,naa7-w,R02
20,4,isolation,p04,naa7-v,R02
21,5,n-n,p04,naam-w,R02
22,5,isolation,p04,naam-v,R02
23,5,o-n,p04,doom-w,R02
24,4,isolation,p04,doom-v,R02
25,5,3-n,p04,3oon-w,R02
26,5,n-n,p04,noom-w,R02
27,5,n-n,p04,muun-w,R02
28,4,n-o,p04,muus-w,R02
29,5,n-o,p04,mooz-w,R02
30,3,7-o,p04,7ook-w,R02
31,5,7-n,p04,7oom-w,R02
32,4,3-o,p04,3aaf-w,R02
33,2,3-o,p04,3eeb-w,R02
34,2,isolation,p04,3eeb-v,R02
35,5,3-n,p04,3aam-w,R02
36,4,7-o,p04,7aad-w,R02
37,5,3-n,p04,3een-w,R02
38,4,3-o,p04,3iish-w,R02
39,4,7-o,p04,7eef-w,R02
40,3,isolation,p04,7eef-v,R02
41,4,o-n,p04,saam-w,R02
42,2,isolation,p04,saam-v,R02
43,3,o-3,p04,baa3-w,R02
44,4,o-o,p04,beet-w,R02
45,4,o-o,p04,boosh-w,R02
46,5,n-3,p01,noo3-w,R02
47,1,isolation,p01,noo3-v,R02
48,2,o-o,p01,daas-w,R02
49,5,n-o,p01,maat-w,R02
50,3,isolation,p01,maat-v,R02
51,3,7-n,p01,7en-w,R02
52,4,o-n,p01,diin-w,R02
53,2,o-7,p01,zaa7-w,R02
54,3,o-3,p01,djuu3-w,R02
55,2,isolation,p01,djuu3-v,R02
56,4,n-7,p01,nuu7-w,R02
57,2,isolation,p01,nuu7-v,R02
58,3,3--3,p01,3oo3-w,R02
59,2,isolation,p01,3oo3-v,R02
60,3,o-7,p01,loo7-w,R02
61,4,o-3,p01,bii3-w,R02
62,2,isolation,p01,bii3-v,R02
63,3,o-7,p01,zii7-w,R02
64,5,3-n,p01,3oon-w,R02
65,5,n-n,p01,noom-w,R02
66,5,n-n,p01,muun-w,R02
67,5,n-o,p01,muus-w,R02
68,4,n-o,p01,mooz-w,R02
69,5,7-o,p01,7ook-w,R02
70,5,7-n,p01,7oom-w,R02
71,4,3-o,p01,3aaf-w,R02
72,5,n-7,p01,naa7-w,R02
73,2,isolation,p01,naa7-v,R02
74,5,n-n,p01,naam-w,R02
75,3,isolation,p01,naam-v,R02
76,4,o-n,p01,doom-w,R02
77,2,isolation,p01,doom-v,R02
78,5,3-o,p01,3eeb-w,R02
79,4,isolation,p01,3eeb-v,R02
80,5,3-n,p01,3aam-w,R02
81,5,7-o,p01,7aad-w,R02
82,5,3-n,p01,3een-w,R02
83,5,3-o,p01,3iish-w,R02
84,5,7-o,p01,7eef-w,R02
85,5,isolation,p01,7eef-v,R02
86,5,o-n,p01,saam-w,R02
87,3,isolation,p01,saam-v,R02
88,3,o-3,p01,baa3-w,R02
89,2,o-o,p01,beet-w,R02
90,2,o-o,p01,boosh-w,R02
91,5,n-3,p05,noo3-w,R02
92,4,isolation,p05,noo3-v,R02
93,4,o-o,p05,daas-w,R02
94,5,n-o,p05,maat-w,R02
95,3,isolation,p05,maat-v,R02
96,4,7-n,p05,7en-w,R02
97,4,o-n,p05,diin-w,R02
98,3,o-7,p05,zaa7-w,R02
99,4,o-3,p05,djuu3-w,R02
100,2,isolation,p05,djuu3-v,R02
101,5,n-7,p05,nuu7-w,R02
102,2,isolation,p05,nuu7-v,R02
103,4,3--3,p05,3oo3-w,R02
104,3,isolation,p05,3oo3-v,R02
105,2,o-7,p05,loo7-w,R02
106,3,o-3,p05,bii3-w,R02
107,3,isolation,p05,bii3-v,R02
108,4,o-7,p05,zii7-w,R02
109,5,n-n,p05,noom-w,R02
110,5,n-n,p05,muun-w,R02
111,5,n-o,p05,muus-w,R02
112,5,n-o,p05,mooz-w,R02
113,4,7-o,p05,7ook-w,R02
114,4,7-n,p05,7oom-w,R02
115,4,3-o,p05,3aaf-w,R02
116,5,n-7,p05,naa7-w,R02
117,3,isolation,p05,naa7-v,R02
118,5,n-n,p05,naam-w,R02
119,2,isolation,p05,naam-v,R02
120,5,o-n,p05,doom-w,R02
121,2,isolation,p05,doom-v,R02
122,5,3-n,p05,3oon-w,R02
123,5,3-o,p05,3eeb-w,R02
124,2,isolation,p05,3eeb-v,R02
125,5,o-n,p05,saam-w,R02
126,3,isolation,p05,saam-v,R02
127,5,3-n,p05,3aam-w,R02
128,3,7-o,p05,7aad-w,R02
129,5,3-n,p05,3een-w,R02
130,4,3-o,p05,3iish-w,R02
131,4,7-o,p05,7eef-w,R02
132,3,isolation,p05,7eef-v,R02
133,3,o-3,p05,baa3-w,R02
134,1,o-o,p05,beet-w,R02
135,2,o-o,p05,boosh-w,R02
136,5,n-3,p02,noo3-w,R02
137,3,isolation,p02,noo3-v,R02
138,4,o-o,p02,daas-w,R02
139,5,n-o,p02,maat-w,R02
140,3,isolation,p02,maat-v,R02
141,4,7-n,p02,7en-w,R02
142,5,o-n,p02,diin-w,R02
143,2,o-7,p02,zaa7-w,R02
144,3,o-3,p02,djuu3-w,R02
145,2,isolation,p02,djuu3-v,R02
146,5,n-7,p02,nuu7-w,R02
147,1,isolation,p02,nuu7-v,R02
148,3,3--3,p02,3oo3-w,R02
149,4,isolation,p02,3oo3-v,R02
150,4,o-7,p02,loo7-w,R02
151,4,o-3,p02,bii3-w,R02
152,2,isolation,p02,bii3-v,R02
153,3,o-7,p02,zii7-w,R02
154,5,n-o,p02,muus-w,R02
155,5,n-o,p02,mooz-w,R02
156,3,7-o,p02,7ook-w,R02
157,5,7-n,p02,7oom-w,R02
158,5,n-7,p02,naa7-w,R02
159,5,3-o,p02,3aaf-w,R02
160,5,isolation,p02,naa7-v,R02
161,5,n-n,p02,naam-w,R02
162,4,isolation,p02,naam-v,R02
163,5,o-n,p02,doom-w,R02
164,3,isolation,p02,doom-v,R02
165,5,3-n,p02,3oon-w,R02
166,5,n-n,p02,noom-w,R02
167,5,n-n,p02,muun-w,R02
168,5,3-o,p02,3eeb-w,R02
169,5,o-n,p02,saam-w,R02
170,5,isolation,p02,saam-v,R02
171,5,isolation,p02,3eeb-v,R02
172,5,3-n,p02,3aam-w,R02
173,5,7-o,p02,7aad-w,R02
174,5,3-n,p02,3een-w,R02
175,4,3-o,p02,3iish-w,R02
176,4,7-o,p02,7eef-w,R02
177,5,isolation,p02,7eef-v,R02
178,4,o-3,p02,baa3-w,R02
179,3,o-o,p02,beet-w,R02
180,2,o-o,p02,boosh-w,R02
181,5,n-3,p03,noo3-w,R02
182,2,isolation,p03,noo3-v,R02
183,2,o-o,p03,daas-w,R02
184,4,n-o,p03,maat-w,R02
185,5,isolation,p03,maat-v,R02
186,4,7-n,p03,7en-w,R02
187,4,o-n,p03,diin-w,R02
188,3,o-7,p03,zaa7-w,R02
189,2,o-3,p03,djuu3-w,R02
190,1,isolation,p03,djuu3-v,R02
191,5,n-7,p03,nuu7-w,R02
192,2,isolation,p03,nuu7-v,R02
193,3,3--3,p03,3oo3-w,R02
194,2,isolation,p03,3oo3-v,R02
195,3,o-7,p03,loo7-w,R02
196,3,o-3,p03,bii3-w,R02
197,2,isolation,p03,bii3-v,R02
198,2,o-7,p03,zii7-w,R02
199,5,n-n,p03,muun-w,R02
200,5,n-o,p03,muus-w,R02
201,5,n-o,p03,mooz-w,R02
202,4,7-o,p03,7ook-w,R02
203,5,7-n,p03,7oom-w,R02
204,3,3-o,p03,3aaf-w,R02
205,4,n-7,p03,naa7-w,R02
206,2,isolation,p03,naa7-v,R02
207,4,n-n,p03,naam-w,R02
208,2,isolation,p03,naam-v,R02
209,5,o-n,p03,doom-w,R02
210,2,isolation,p03,doom-v,R02
211,5,3-n,p03,3oon-w,R02
212,5,n-n,p03,noom-w,R02
213,5,3-o,p03,3eeb-w,R02
214,2,isolation,p03,3eeb-v,R02
215,5,3-n,p03,3aam-w,R02
216,5,7-o,p03,7aad-w,R02
217,5,3-n,p03,3een-w,R02
218,5,3-o,p03,3iish-w,R02
219,3,7-o,p03,7eef-w,R02
220,2,isolation,p03,7eef-v,R02
221,5,o-n,p03,saam-w,R02
222,2,isolation,p03,saam-v,R02
223,4,o-3,p03,baa3-w,R02
224,1,o-o,p03,beet-w,R02
225,3,o-o,p03,boosh-w,R02
226,4,n-3,p06,noo3-w,R02
227,2,isolation,p06,noo3-v,R02
228,2,o-o,p06,daas-w,R02
229,4,n-o,p06,maat-w,R02
230,3,isolation,p06,maat-v,R02
231,4,7-n,p06,7en-w,R02
232,4,o-n,p06,diin-w,R02
233,4,o-7,p06,zaa7-w,R02
234,3,o-3,p06,djuu3-w,R02
235,3,isolation,p06,djuu3-v,R02
236,4,n-7,p06,nuu7-w,R02
237,3,isolation,p06,nuu7-v,R02
238,3,3--3,p06,3oo3-w,R02
239,2,isolation,p06,3oo3-v,R02
240,2,o-7,p06,loo7-w,R02
241,3,o-3,p06,bii3-w,R02
242,2,isolation,p06,bii3-v,R02
243,3,o-7,p06,zii7-w,R02
244,5,n-n,p06,noom-w,R02
245,5,n-n,p06,muun-w,R02
246,5,n-o,p06,muus-w,R02
247,3,n-o,p06,mooz-w,R02
248,4,7-o,p06,7ook-w,R02
249,4,7-n,p06,7oom-w,R02
250,4,3-o,p06,3aaf-w,R02
251,4,n-7,p06,naa7-w,R02
252,3,isolation,p06,naa7-v,R02
253,4,n-n,p06,naam-w,R02
254,3,isolation,p06,naam-v,R02
255,4,o-n,p06,doom-w,R02
256,2,isolation,p06,doom-v,R02
257,4,3-n,p06,3oon-w,R02
258,3,3-o,p06,3eeb-w,R02
259,2,isolation,p06,3eeb-v,R02
260,5,3-n,p06,3aam-w,R02
261,3,7-o,p06,7aad-w,R02
262,4,3-n,p06,3een-w,R02
263,3,3-o,p06,3iish-w,R02
264,3,7-o,p06,7eef-w,R02
265,3,isolation,p06,7eef-v,R02
266,4,o-n,p06,saam-w,R02
267,4,isolation,p06,saam-v,R02
268,4,o-3,p06,baa3-w,R02
269,4,o-o,p06,beet-w,R02
270,3,o-o,p06,boosh-w,R02
271,5,n-3,p07,noo3-w,R02
272,3,isolation,p07,noo3-v,R02
273,4,o-3,p07,djuu3-w,R02
274,3,isolation,p07,djuu3-v,R02
275,4,n-7,p07,nuu7-w,R02
276,4,isolation,p07,nuu7-v,R02
277,4,3--3,p07,3oo3-w,R02
278,3,isolation,p07,3oo3-v,R02
279,3,o-7,p07,loo7-w,R02
280,4,o-3,p07,bii3-w,R02
281,4,isolation,p07,bii3-v,R02
282,2,o-7,p07,zii7-w,R02
283,3,o-o,p07,daas-w,R02
284,4,n-o,p07,maat-w,R02
285,4,isolation,p07,maat-v,R02
286,4,7-n,p07,7en-w,R02
287,4,o-n,p07,diin-w,R02
288,3,o-7,p07,zaa7-w,R02
289,4,n-7,p07,naa7-w,R02
290,3,isolation,p07,naa7-v,R02
291,4,n-n,p07,naam-w,R02
292,4,isolation,p07,naam-v,R02
293,3,o-n,p07,doom-w,R02
294,3,isolation,p07,doom-v,R02
295,2,3-n,p07,3oon-w,R02
296,4,n-n,p07,noom-w,R02
297,4,n-n,p07,muun-w,R02
298,4,n-o,p07,muus-w,R02
299,4,n-o,p07,mooz-w,R02
300,4,7-o,p07,7ook-w,R02
301,5,7-n,p07,7oom-w,R02
302,4,3-o,p07,3aaf-w,R02
303,5,3-o,p07,3eeb-w,R02
304,4,isolation,p07,3eeb-v,R02
305,5,o-n,p07,saam-w,R02
306,4,isolation,p07,saam-v,R02
307,5,3-n,p07,3aam-w,R02
308,5,7-o,p07,7aad-w,R02
309,5,3-n,p07,3een-w,R02
310,4,3-o,p07,3iish-w,R02
311,4,7-o,p07,7eef-w,R02
312,4,isolation,p07,7eef-v,R02
313,3,o-3,p07,baa3-w,R02
314,2,o-o,p07,beet-w,R02
315,4,o-o,p07,boosh-w,R02
316,5,n-3,p08,noo3-w,R02
317,2,isolation,p08,noo3-v,R02
318,4,o-o,p08,daas-w,R02
319,5,n-o,p08,maat-w,R02
320,3,isolation,p08,maat-v,R02
321,4,7-n,p08,7en-w,R02
322,5,o-n,p08,diin-w,R02
323,5,o-3,p08,djuu3-w,R02
324,3,isolation,p08,djuu3-v,R02
325,4,n-7,p08,nuu7-w,R02
326,2,isolation,p08,nuu7-v,R02
327,3,3--3,p08,3oo3-w,R02
328,2,isolation,p08,3oo3-v,R02
329,2,o-7,p08,loo7-w,R02
330,3,o-3,p08,bii3-w,R02
331,2,isolation,p08,bii3-v,R02
332,4,o-7,p08,zii7-w,R02
333,3,o-7,p08,zaa7-w,R02
334,5,o-n,p08,doom-w,R02
335,3,isolation,p08,doom-v,R02
336,5,3-n,p08,3oon-w,R02
337,5,n-n,p08,noom-w,R02
338,5,n-n,p08,muun-w,R02
339,5,n-o,p08,muus-w,R02
340,5,n-o,p08,mooz-w,R02
341,4,7-o,p08,7ook-w,R02
342,5,7-n,p08,7oom-w,R02
343,3,3-o,p08,3aaf-w,R02
344,5,n-7,p08,naa7-w,R02
345,4,isolation,p08,naa7-v,R02
346,5,n-n,p08,naam-w,R02
347,3,isolation,p08,naam-v,R02
348,3,3-o,p08,3eeb-w,R02
349,3,isolation,p08,3eeb-v,R02
350,5,o-n,p08,saam-w,R02
351,3,isolation,p08,saam-v,R02
352,5,3-n,p08,3aam-w,R02
353,4,7-o,p08,7aad-w,R02
354,5,3-n,p08,3een-w,R02
355,4,3-o,p08,3iish-w,R02
356,3,7-o,p08,7eef-w,R02
357,2,isolation,p08,7eef-v,R02
358,3,o-3,p08,baa3-w,R02
359,2,o-o,p08,beet-w,R02
360,3,o-o,p08,boosh-w,R02
361,4,n-3,p09,noo3-w,R02
362,3,isolation,p09,noo3-v,R02
363,3,o-o,p09,daas-w,R02
364,4,n-o,p09,maat-w,R02
365,3,isolation,p09,maat-v,R02
366,4,7-n,p09,7en-w,R02
367,4,o-n,p09,diin-w,R02
368,3,o-7,p09,zaa7-w,R02
369,2,o-3,p09,djuu3-w,R02
370,2,isolation,p09,djuu3-v,R02
371,3,n-7,p09,nuu7-w,R02
372,2,isolation,p09,nuu7-v,R02
373,3,3--3,p09,3oo3-w,R02
374,2,isolation,p09,3oo3-v,R02
375,2,o-7,p09,loo7-w,R02
376,3,o-3,p09,bii3-w,R02
377,2,isolation,p09,bii3-v,R02
378,2,o-7,p09,zii7-w,R02
379,4,n-n,p09,noom-w,R02
380,4,n-n,p09,muun-w,R02
381,3,n-o,p09,muus-w,R02
382,4,n-o,p09,mooz-w,R02
383,2,7-o,p09,7ook-w,R02
384,4,7-n,p09,7oom-w,R02
385,3,3-o,p09,3aaf-w,R02
386,4,n-7,p09,naa7-w,R02
387,2,isolation,p09,naa7-v,R02
388,4,n-n,p09,naam-w,R02
389,3,isolation,p09,naam-v,R02
390,4,o-n,p09,doom-w,R02
391,2,isolation,p09,doom-v,R02
392,4,3-n,p09,3oon-w,R02
393,3,3-o,p09,3eeb-w,R02
394,2,isolation,p09,3eeb-v,R02
395,5,o-n,p09,saam-w,R02
396,4,isolation,p09,saam-v,R02
397,4,3-n,p09,3aam-w,R02
398,3,7-o,p09,7aad-w,R02
399,4,3-n,p09,3een-w,R02
400,3,3-o,p09,3iish-w,R02
401,4,7-o,p09,7eef-w,R02
402,3,isolation,p09,7eef-v,R02
403,3,o-3,p09,baa3-w,R02
404,2,o-o,p09,beet-w,R02
405,4,o-o,p09,boosh-w,R02
406,2,n-3,p04,noo3-w,R01
407,4,isolation,p04,noo3-v,R01
408,2,o-3,p04,djuu3-w,R01
409,4,isolation,p04,djuu3-v,R01
410,3,n-7,p04,nuu7-w,R01
411,3,isolation,p04,nuu7-v,R01
412,1,3--3,p04,3oo3-w,R01
413,2,isolation,p04,3oo3-v,R01
414,2,o-7,p04,loo7-w,R01
415,1,o-3,p04,bii3-w,R01
416,2,isolation,p04,bii3-v,R01
417,2,o-7,p04,zii7-w,R01
418,2,o-o,p04,daas-w,R01
419,5,n-o,p04,maat-w,R01
420,4,isolation,p04,maat-v,R01
421,1,7-n,p04,7en-w,R01
422,5,o-n,p04,diin-w,R01
423,2,o-7,p04,zaa7-w,R01
424,2,n-7,p04,naa7-w,R01
425,2,isolation,p04,naa7-v,R01
426,4,n-n,p04,naam-w,R01
427,4,isolation,p04,naam-v,R01
428,2,o-n,p04,doom-w,R01
429,3,isolation,p04,doom-v,R01
430,1,3-n,p04,3oon-w,R01
431,2,n-n,p04,noom-w,R01
432,2,n-n,p04,muun-w,R01
433,4,n-o,p04,muus-w,R01
434,4,n-o,p04,mooz-w,R01
435,2,7-o,p04,7ook-w,R01
436,5,7-n,p04,7oom-w,R01
437,1,3-o,p04,3aaf-w,R01
438,1,3-o,p04,3eeb-w,R01
439,5,isolation,p04,3eeb-v,R01
440,5,3-n,p04,3aam-w,R01
441,3,7-o,p04,7aad-w,R01
442,4,3-n,p04,3een-w,R01
443,2,3-o,p04,3iish-w,R01
444,2,7-o,p04,7eef-w,R01
445,4,isolation,p04,7eef-v,R01
446,3,o-n,p04,saam-w,R01
447,2,isolation,p04,saam-v,R01
448,2,o-3,p04,baa3-w,R01
449,2,o-o,p04,beet-w,R01
450,2,o-o,p04,boosh-w,R01
451,4,n-3,p01,noo3-w,R01
452,2,isolation,p01,noo3-v,R01
453,1,o-o,p01,daas-w,R01
454,5,n-o,p01,maat-w,R01
455,2,isolation,p01,maat-v,R01
456,1,7-n,p01,7en-w,R01
457,3,o-n,p01,diin-w,R01
458,2,o-7,p01,zaa7-w,R01
459,3,o-3,p01,djuu3-w,R01
460,2,isolation,p01,djuu3-v,R01
461,4,n-7,p01,nuu7-w,R01
462,2,isolation,p01,nuu7-v,R01
463,2,3--3,p01,3oo3-w,R01
464,2,isolation,p01,3oo3-v,R01
465,1,o-7,p01,loo7-w,R01
466,1,o-3,p01,bii3-w,R01
467,2,isolation,p01,bii3-v,R01
468,2,o-7,p01,zii7-w,R01
469,2,3-n,p01,3oon-w,R01
470,4,n-n,p01,noom-w,R01
471,5,n-n,p01,muun-w,R01
472,5,n-o,p01,muus-w,R01
473,5,n-o,p01,mooz-w,R01
474,4,7-o,p01,7ook-w,R01
475,4,7-n,p01,7oom-w,R01
476,2,3-o,p01,3aaf-w,R01
477,4,n-7,p01,naa7-w,R01
478,2,isolation,p01,naa7-v,R01
479,3,n-n,p01,naam-w,R01
480,1,isolation,p01,naam-v,R01
481,4,o-n,p01,doom-w,R01
482,3,isolation,p01,doom-v,R01
483,2,3-o,p01,3eeb-w,R01
484,2,isolation,p01,3eeb-v,R01
485,2,3-n,p01,3aam-w,R01
486,2,7-o,p01,7aad-w,R01
487,4,3-n,p01,3een-w,R01
488,2,3-o,p01,3iish-w,R01
489,3,7-o,p01,7eef-w,R01
490,3,isolation,p01,7eef-v,R01
491,5,o-n,p01,saam-w,R01
492,4,isolation,p01,saam-v,R01
493,5,o-3,p01,baa3-w,R01
494,2,o-o,p01,beet-w,R01
495,1,o-o,p01,boosh-w,R01
496,5,n-3,p05,noo3-w,R01
497,4,isolation,p05,noo3-v,R01
498,2,o-o,p05,daas-w,R01
499,5,n-o,p05,maat-w,R01
500,1,isolation,p05,maat-v,R01
501,2,7-n,p05,7en-w,R01
502,4,o-n,p05,diin-w,R01
503,2,o-7,p05,zaa7-w,R01
504,3,o-3,p05,djuu3-w,R01
505,4,isolation,p05,djuu3-v,R01
506,5,n-7,p05,nuu7-w,R01
507,2,isolation,p05,nuu7-v,R01
508,2,3--3,p05,3oo3-w,R01
509,1,isolation,p05,3oo3-v,R01
510,2,o-7,p05,loo7-w,R01
511,3,o-3,p05,bii3-w,R01
512,1,isolation,p05,bii3-v,R01
513,2,o-7,p05,zii7-w,R01
514,4,n-n,p05,noom-w,R01
515,5,n-n,p05,muun-w,R01
516,5,n-o,p05,muus-w,R01
517,4,n-o,p05,mooz-w,R01
518,3,7-o,p05,7ook-w,R01
519,1,7-n,p05,7oom-w,R01
520,2,3-o,p05,3aaf-w,R01
521,5,n-7,p05,naa7-w,R01
522,2,isolation,p05,naa7-v,R01
523,5,n-n,p05,naam-w,R01
524,3,isolation,p05,naam-v,R01
525,4,o-n,p05,doom-w,R01
526,2,isolation,p05,doom-v,R01
527,5,3-n,p05,3oon-w,R01
528,1,3-o,p05,3eeb-w,R01
529,2,isolation,p05,3eeb-v,R01
530,5,o-n,p05,saam-w,R01
531,3,isolation,p05,saam-v,R01
532,5,3-n,p05,3aam-w,R01
533,2,7-o,p05,7aad-w,R01
534,5,3-n,p05,3een-w,R01
535,2,3-o,p05,3iish-w,R01
536,2,7-o,p05,7eef-w,R01
537,1,isolation,p05,7eef-v,R01
538,2,o-3,p05,baa3-w,R01
539,2,o-o,p05,beet-w,R01
540,1,o-o,p05,boosh-w,R01
541,5,n-3,p02,noo3-w,R01
542,3,isolation,p02,noo3-v,R01
543,2,o-o,p02,daas-w,R01
544,5,n-o,p02,maat-w,R01
545,1,isolation,p02,maat-v,R01
546,5,7-n,p02,7en-w,R01
547,5,o-n,p02,diin-w,R01
548,2,o-7,p02,zaa7-w,R01
549,4,o-3,p02,djuu3-w,R01
550,3,isolation,p02,djuu3-v,R01
551,5,n-7,p02,nuu7-w,R01
552,3,isolation,p02,nuu7-v,R01
553,3,3--3,p02,3oo3-w,R01
554,1,isolation,p02,3oo3-v,R01
555,2,o-7,p02,loo7-w,R01
556,2,o-3,p02,bii3-w,R01
557,2,isolation,p02,bii3-v,R01
558,3,o-7,p02,zii7-w,R01
559,5,n-o,p02,muus-w,R01
560,3,n-o,p02,mooz-w,R01
561,1,7-o,p02,7ook-w,R01
562,4,7-n,p02,7oom-w,R01
563,4,n-7,p02,naa7-w,R01
564,5,3-o,p02,3aaf-w,R01
565,3,isolation,p02,naa7-v,R01
566,5,n-n,p02,naam-w,R01
567,2,isolation,p02,naam-v,R01
568,4,o-n,p02,doom-w,R01
569,1,isolation,p02,doom-v,R01
570,5,3-n,p02,3oon-w,R01
571,4,n-n,p02,noom-w,R01
572,5,n-n,p02,muun-w,R01
573,2,3-o,p02,3eeb-w,R01
574,5,o-n,p02,saam-w,R01
575,4,isolation,p02,saam-v,R01
576,3,isolation,p02,3eeb-v,R01
577,5,3-n,p02,3aam-w,R01
578,5,7-o,p02,7aad-w,R01
579,5,3-n,p02,3een-w,R01
580,3,3-o,p02,3iish-w,R01
581,4,7-o,p02,7eef-w,R01
582,5,isolation,p02,7eef-v,R01
583,2,o-3,p02,baa3-w,R01
584,1,o-o,p02,beet-w,R01
585,2,o-o,p02,boosh-w,R01
586,5,n-3,p03,noo3-w,R01
587,3,isolation,p03,noo3-v,R01
588,2,o-o,p03,daas-w,R01
589,4,n-o,p03,maat-w,R01
590,4,isolation,p03,maat-v,R01
591,3,7-n,p03,7en-w,R01
592,3,o-n,p03,diin-w,R01
593,1,o-7,p03,zaa7-w,R01
594,3,o-3,p03,djuu3-w,R01
595,3,isolation,p03,djuu3-v,R01
596,5,n-7,p03,nuu7-w,R01
597,3,isolation,p03,nuu7-v,R01
598,2,3--3,p03,3oo3-w,R01
599,3,isolation,p03,3oo3-v,R01
600,1,o-7,p03,loo7-w,R01
601,3,o-3,p03,bii3-w,R01
602,4,isolation,p03,bii3-v,R01
603,2,o-7,p03,zii7-w,R01
604,5,n-n,p03,muun-w,R01
605,5,n-o,p03,muus-w,R01
606,4,n-o,p03,mooz-w,R01
607,2,7-o,p03,7ook-w,R01
608,5,7-n,p03,7oom-w,R01
609,2,3-o,p03,3aaf-w,R01
610,2,n-7,p03,naa7-w,R01
611,2,isolation,p03,naa7-v,R01
612,2,n-n,p03,naam-w,R01
613,1,isolation,p03,naam-v,R01
614,4,o-n,p03,doom-w,R01
615,3,isolation,p03,doom-v,R01
616,5,3-n,p03,3oon-w,R01
617,5,n-n,p03,noom-w,R01
618,4,3-o,p03,3eeb-w,R01
619,3,isolation,p03,3eeb-v,R01
620,5,3-n,p03,3aam-w,R01
621,2,7-o,p03,7aad-w,R01
622,5,3-n,p03,3een-w,R01
623,2,3-o,p03,3iish-w,R01
624,1,7-o,p03,7eef-w,R01
625,3,isolation,p03,7eef-v,R01
626,4,o-n,p03,saam-w,R01
627,3,isolation,p03,saam-v,R01
628,2,o-3,p03,baa3-w,R01
629,2,o-o,p03,beet-w,R01
630,2,o-o,p03,boosh-w,R01
631,4,n-3,p06,noo3-w,R01
632,2,isolation,p06,noo3-v,R01
633,2,o-o,p06,daas-w,R01
634,4,n-o,p06,maat-w,R01
635,3,isolation,p06,maat-v,R01
636,5,7-n,p06,7en-w,R01
637,4,o-n,p06,diin-w,R01
638,1,o-7,p06,zaa7-w,R01
639,3,o-3,p06,djuu3-w,R01
640,3,isolation,p06,djuu3-v,R01
641,4,n-7,p06,nuu7-w,R01
642,3,isolation,p06,nuu7-v,R01
643,3,3--3,p06,3oo3-w,R01
644,3,isolation,p06,3oo3-v,R01
645,2,o-7,p06,loo7-w,R01
646,2,o-3,p06,bii3-w,R01
647,2,isolation,p06,bii3-v,R01
648,1,o-7,p06,zii7-w,R01
649,3,n-n,p06,noom-w,R01
650,4,n-n,p06,muun-w,R01
651,4,n-o,p06,muus-w,R01
652,3,n-o,p06,mooz-w,R01
653,4,7-o,p06,7ook-w,R01
654,4,7-n,p06,7oom-w,R01
655,3,3-o,p06,3aaf-w,R01
656,2,n-7,p06,naa7-w,R01
657,2,isolation,p06,naa7-v,R01
658,4,n-n,p06,naam-w,R01
659,1,isolation,p06,naam-v,R01
660,4,o-n,p06,doom-w,R01
661,2,isolation,p06,doom-v,R01
662,5,3-n,p06,3oon-w,R01
663,1,3-o,p06,3eeb-w,R01
664,2,isolation,p06,3eeb-v,R01
665,5,3-n,p06,3aam-w,R01
666,2,7-o,p06,7aad-w,R01
667,4,3-n,p06,3een-w,R01
668,2,3-o,p06,3iish-w,R01
669,1,7-o,p06,7eef-w,R01
670,2,isolation,p06,7eef-v,R01
671,4,o-n,p06,saam-w,R01
672,2,isolation,p06,saam-v,R01
673,1,o-3,p06,baa3-w,R01
674,1,o-o,p06,beet-w,R01
675,4,o-o,p06,boosh-w,R01
676,4,n-3,p07,noo3-w,R01
677,1,isolation,p07,noo3-v,R01
678,1,o-3,p07,djuu3-w,R01
679,2,isolation,p07,djuu3-v,R01
680,3,n-7,p07,nuu7-w,R01
681,2,isolation,p07,nuu7-v,R01
682,2,3--3,p07,3oo3-w,R01
683,1,isolation,p07,3oo3-v,R01
684,2,o-7,p07,loo7-w,R01
685,1,o-3,p07,bii3-w,R01
686,2,isolation,p07,bii3-v,R01
687,3,o-7,p07,zii7-w,R01
688,1,o-o,p07,daas-w,R01
689,4,n-o,p07,maat-w,R01
690,1,isolation,p07,maat-v,R01
691,4,7-n,p07,7en-w,R01
692,5,o-n,p07,diin-w,R01
693,1,o-7,p07,zaa7-w,R01
694,1,n-7,p07,naa7-w,R01
695,2,isolation,p07,naa7-v,R01
696,2,n-n,p07,naam-w,R01
697,2,isolation,p07,naam-v,R01
698,4,o-n,p07,doom-w,R01
699,1,isolation,p07,doom-v,R01
700,1,3-n,p07,3oon-w,R01
701,5,n-n,p07,noom-w,R01
702,5,n-n,p07,muun-w,R01
703,5,n-o,p07,muus-w,R01
704,5,n-o,p07,mooz-w,R01
705,5,7-o,p07,7ook-w,R01
706,5,7-n,p07,7oom-w,R01
707,1,3-o,p07,3aaf-w,R01
708,3,3-o,p07,3eeb-w,R01
709,1,isolation,p07,3eeb-v,R01
710,4,o-n,p07,saam-w,R01
711,1,isolation,p07,saam-v,R01
712,5,3-n,p07,3aam-w,R01
713,1,7-o,p07,7aad-w,R01
714,5,3-n,p07,3een-w,R01
715,2,3-o,p07,3iish-w,R01
716,2,7-o,p07,7eef-w,R01
717,2,isolation,p07,7eef-v,R01
718,1,o-3,p07,baa3-w,R01
719,3,o-o,p07,beet-w,R01
720,4,o-o,p07,boosh-w,R01
721,5,n-3,p08,noo3-w,R01
722,2,isolation,p08,noo3-v,R01
723,4,o-o,p08,daas-w,R01
724,5,n-o,p08,maat-w,R01
725,2,isolation,p08,maat-v,R01
726,4,7-n,p08,7en-w,R01
727,5,o-n,p08,diin-w,R01
728,4,o-3,p08,djuu3-w,R01
729,1,isolation,p08,djuu3-v,R01
730,5,n-7,p08,nuu7-w,R01
731,3,isolation,p08,nuu7-v,R01
732,3,3--3,p08,3oo3-w,R01
733,3,isolation,p08,3oo3-v,R01
734,2,o-7,p08,loo7-w,R01
735,1,o-3,p08,bii3-w,R01
736,4,isolation,p08,bii3-v,R01
737,3,o-7,p08,zii7-w,R01
738,2,o-7,p08,zaa7-w,R01
739,4,o-n,p08,doom-w,R01
740,1,isolation,p08,doom-v,R01
741,5,3-n,p08,3oon-w,R01
742,5,n-n,p08,noom-w,R01
743,5,n-n,p08,muun-w,R01
744,5,n-o,p08,muus-w,R01
745,5,n-o,p08,mooz-w,R01
746,3,7-o,p08,7ook-w,R01
747,5,7-n,p08,7oom-w,R01
748,2,3-o,p08,3aaf-w,R01
749,5,n-7,p08,naa7-w,R01
750,3,isolation,p08,naa7-v,R01
751,5,n-n,p08,naam-w,R01
752,3,isolation,p08,naam-v,R01
753,2,3-o,p08,3eeb-w,R01
754,2,isolation,p08,3eeb-v,R01
755,5,o-n,p08,saam-w,R01
756,3,isolation,p08,saam-v,R01
757,5,3-n,p08,3aam-w,R01
758,5,7-o,p08,7aad-w,R01
759,4,3-n,p08,3een-w,R01
760,3,3-o,p08,3iish-w,R01
761,2,7-o,p08,7eef-w,R01
762,2,isolation,p08,7eef-v,R01
763,3,o-3,p08,baa3-w,R01
764,1,o-o,p08,beet-w,R01
765,2,o-o,p08,boosh-w,R01
766,3,n-3,p09,noo3-w,R01
767,1,isolation,p09,noo3-v,R01
768,4,o-o,p09,daas-w,R01
769,5,n-o,p09,maat-w,R01
770,4,isolation,p09,maat-v,R01
771,4,7-n,p09,7en-w,R01
772,5,o-n,p09,diin-w,R01
773,3,o-7,p09,zaa7-w,R01
774,3,o-3,p09,djuu3-w,R01
775,2,isolation,p09,djuu3-v,R01
776,4,n-7,p09,nuu7-w,R01
777,4,isolation,p09,nuu7-v,R01
778,2,3--3,p09,3oo3-w,R01
779,2,isolation,p09,3oo3-v,R01
780,2,o-7,p09,loo7-w,R01
781,2,o-3,p09,bii3-w,R01
782,2,isolation,p09,bii3-v,R01
783,2,o-7,p09,zii7-w,R01
784,4,n-n,p09,noom-w,R01
785,4,n-n,p09,muun-w,R01
786,4,n-o,p09,muus-w,R01
787,4,n-o,p09,mooz-w,R01
788,2,7-o,p09,7ook-w,R01
789,4,7-n,p09,7oom-w,R01
790,2,3-o,p09,3aaf-w,R01
791,4,n-7,p09,naa7-w,R01
792,2,isolation,p09,naa7-v,R01
793,4,n-n,p09,naam-w,R01
794,1,isolation,p09,naam-v,R01
795,5,o-n,p09,doom-w,R01
796,1,isolation,p09,doom-v,R01
797,5,3-n,p09,3oon-w,R01
798,1,3-o,p09,3eeb-w,R01
799,1,isolation,p09,3eeb-v,R01
800,5,o-n,p09,saam-w,R01
801,3,isolation,p09,saam-v,R01
802,4,3-n,p09,3aam-w,R01
803,2,7-o,p09,7aad-w,R01
804,4,3-n,p09,3een-w,R01
805,2,3-o,p09,3iish-w,R01
806,4,7-o,p09,7eef-w,R01
807,2,isolation,p09,7eef-v,R01
808,1,o-3,p09,baa3-w,R01
809,2,o-o,p09,beet-w,R01
810,2,o-o,p09,boosh-w,R01
811,4,n-3,p04,noo3-w,R03
812,2,isolation,p04,noo3-v,R03
813,1,o-3,p04,djuu3-w,R03
814,5,isolation,p04,djuu3-v,R03
815,4,n-7,p04,nuu7-w,R03
816,4,isolation,p04,nuu7-v,R03
817,1,3--3,p04,3oo3-w,R03
818,1,isolation,p04,3oo3-v,R03
819,1,o-7,p04,loo7-w,R03
820,1,o-3,p04,bii3-w,R03
821,1,isolation,p04,bii3-v,R03
822,1,o-7,p04,zii7-w,R03
823,5,o-o,p04,daas-w,R03
824,5,n-o,p04,maat-w,R03
825,4,isolation,p04,maat-v,R03
826,3,7-n,p04,7en-w,R03
827,5,o-n,p04,diin-w,R03
828,1,o-7,p04,zaa7-w,R03
829,1,n-7,p04,naa7-w,R03
830,2,isolation,p04,naa7-v,R03
831,4,n-n,p04,naam-w,R03
832,3,isolation,p04,naam-v,R03
833,4,o-n,p04,doom-w,R03
834,2,isolation,p04,doom-v,R03
835,1,3-n,p04,3oon-w,R03
836,5,n-n,p04,noom-w,R03
837,1,n-n,p04,muun-w,R03
838,5,n-o,p04,muus-w,R03
839,5,n-o,p04,mooz-w,R03
840,1,7-o,p04,7ook-w,R03
841,5,7-n,p04,7oom-w,R03
842,1,3-o,p04,3aaf-w,R03
843,1,3-o,p04,3eeb-w,R03
844,4,isolation,p04,3eeb-v,R03
845,5,3-n,p04,3aam-w,R03
846,5,7-o,p04,7aad-w,R03
847,4,3-n,p04,3een-w,R03
848,5,3-o,p04,3iish-w,R03
849,1,7-o,p04,7eef-w,R03
850,4,isolation,p04,7eef-v,R03
851,4,o-n,p04,saam-w,R03
852,5,isolation,p04,saam-v,R03
853,1,o-3,p04,baa3-w,R03
854,1,o-o,p04,beet-w,R03
855,4,o-o,p04,boosh-w,R03
856,5,n-3,p01,noo3-w,R03
857,1,isolation,p01,noo3-v,R03
858,1,o-o,p01,daas-w,R03
859,4,n-o,p01,maat-w,R03
860,1,isolation,p01,maat-v,R03
861,4,7-n,p01,7en-w,R03
862,1,o-n,p01,diin-w,R03
863,1,o-7,p01,zaa7-w,R03
864,1,o-3,p01,djuu3-w,R03
865,1,isolation,p01,djuu3-v,R03
866,5,n-7,p01,nuu7-w,R03
867,1,isolation,p01,nuu7-v,R03
868,1,3--3,p01,3oo3-w,R03
869,1,isolation,p01,3oo3-v,R03
870,1,o-7,p01,loo7-w,R03
871,1,o-3,p01,bii3-w,R03
872,1,isolation,p01,bii3-v,R03
873,1,o-7,p01,zii7-w,R03
874,1,3-n,p01,3oon-w,R03
875,4,n-n,p01,noom-w,R03
876,5,n-n,p01,muun-w,R03
877,5,n-o,p01,muus-w,R03
878,4,n-o,p01,mooz-w,R03
879,1,7-o,p01,7ook-w,R03
880,1,7-n,p01,7oom-w,R03
881,1,3-o,p01,3aaf-w,R03
882,4,n-7,p01,naa7-w,R03
883,1,isolation,p01,naa7-v,R03
884,4,n-n,p01,naam-w,R03
885,1,isolation,p01,naam-v,R03
886,1,o-n,p01,doom-w,R03
887,1,isolation,p01,doom-v,R03
888,1,3-o,p01,3eeb-w,R03
889,1,isolation,p01,3eeb-v,R03
890,4,3-n,p01,3aam-w,R03
891,1,7-o,p01,7aad-w,R03
892,2,3-n,p01,3een-w,R03
893,1,3-o,p01,3iish-w,R03
894,1,7-o,p01,7eef-w,R03
895,1,isolation,p01,7eef-v,R03
896,1,o-n,p01,saam-w,R03
897,1,isolation,p01,saam-v,R03
898,1,o-3,p01,baa3-w,R03
899,1,o-o,p01,beet-w,R03
900,1,o-o,p01,boosh-w,R03
901,5,n-3,p05,noo3-w,R03
902,1,isolation,p05,noo3-v,R03
903,1,o-o,p05,daas-w,R03
904,4,n-o,p05,maat-w,R03
905,1,isolation,p05,maat-v,R03
906,4,7-n,p05,7en-w,R03
907,1,o-n,p05,diin-w,R03
908,2,o-7,p05,zaa7-w,R03
909,1,o-3,p05,djuu3-w,R03
910,1,isolation,p05,djuu3-v,R03
911,4,n-7,p05,nuu7-w,R03
912,1,isolation,p05,nuu7-v,R03
913,1,3--3,p05,3oo3-w,R03
914,1,isolation,p05,3oo3-v,R03
915,1,o-7,p05,loo7-w,R03
916,4,o-3,p05,bii3-w,R03
917,1,isolation,p05,bii3-v,R03
918,2,o-7,p05,zii7-w,R03
919,5,n-n,p05,noom-w,R03
920,5,n-n,p05,muun-w,R03
921,5,n-o,p05,muus-w,R03
922,4,n-o,p05,mooz-w,R03
923,1,7-o,p05,7ook-w,R03
924,1,7-n,p05,7oom-w,R03
925,1,3-o,p05,3aaf-w,R03
926,5,n-7,p05,naa7-w,R03
927,1,isolation,p05,naa7-v,R03
928,4,n-n,p05,naam-w,R03
929,1,isolation,p05,naam-v,R03
930,4,o-n,p05,doom-w,R03
931,1,isolation,p05,doom-v,R03
932,4,3-n,p05,3oon-w,R03
933,1,3-o,p05,3eeb-w,R03
934,1,isolation,p05,3eeb-v,R03
935,4,o-n,p05,saam-w,R03
936,1,isolation,p05,saam-v,R03
937,5,3-n,p05,3aam-w,R03
938,1,7-o,p05,7aad-w,R03
939,5,3-n,p05,3een-w,R03
940,1,3-o,p05,3iish-w,R03
941,1,7-o,p05,7eef-w,R03
942,1,isolation,p05,7eef-v,R03
943,1,o-3,p05,baa3-w,R03
944,4,o-o,p05,beet-w,R03
945,1,o-o,p05,boosh-w,R03
946,4,n-3,p02,noo3-w,R03
947,3,isolation,p02,noo3-v,R03
948,2,o-o,p02,daas-w,R03
949,4,n-o,p02,maat-w,R03
950,1,isolation,p02,maat-v,R03
951,4,7-n,p02,7en-w,R03
952,5,o-n,p02,diin-w,R03
953,1,o-7,p02,zaa7-w,R03
954,1,o-3,p02,djuu3-w,R03
955,1,isolation,p02,djuu3-v,R03
956,5,n-7,p02,nuu7-w,R03
957,4,isolation,p02,nuu7-v,R03
958,1,3--3,p02,3oo3-w,R03
959,1,isolation,p02,3oo3-v,R03
960,1,o-7,p02,loo7-w,R03
961,1,o-3,p02,bii3-w,R03
962,1,isolation,p02,bii3-v,R03
963,1,o-7,p02,zii7-w,R03
964,5,n-o,p02,muus-w,R03
965,5,n-o,p02,mooz-w,R03
966,2,7-o,p02,7ook-w,R03
967,4,7-n,p02,7oom-w,R03
968,4,n-7,p02,naa7-w,R03
969,1,3-o,p02,3aaf-w,R03
970,4,isolation,p02,naa7-v,R03
971,4,n-n,p02,naam-w,R03
972,1,isolation,p02,naam-v,R03
973,4,o-n,p02,doom-w,R03
974,1,isolation,p02,doom-v,R03
975,4,3-n,p02,3oon-w,R03
976,4,n-n,p02,noom-w,R03
977,5,n-n,p02,muun-w,R03
978,1,3-o,p02,3eeb-w,R03
979,5,o-n,p02,saam-w,R03
980,4,isolation,p02,saam-v,R03
981,1,isolation,p02,3eeb-v,R03
982,4,3-n,p02,3aam-w,R03
983,4,7-o,p02,7aad-w,R03
984,4,3-n,p02,3een-w,R03
985,2,3-o,p02,3iish-w,R03
986,2,7-o,p02,7eef-w,R03
987,4,isolation,p02,7eef-v,R03
988,1,o-3,p02,baa3-w,R03
989,1,o-o,p02,beet-w,R03
990,2,o-o,p02,boosh-w,R03
991,5,n-3,p03,noo3-w,R03
992,1,isolation,p03,noo3-v,R03
993,1,o-o,p03,daas-w,R03
994,4,n-o,p03,maat-w,R03
995,1,isolation,p03,maat-v,R03
996,1,7-n,p03,7en-w,R03
997,5,o-n,p03,diin-w,R03
998,1,o-7,p03,zaa7-w,R03
999,1,o-3,p03,djuu3-w,R03
1000,1,isolation,p03,djuu3-v,R03
1001,4,n-7,p03,nuu7-w,R03
1002,1,isolation,p03,nuu7-v,R03
1003,1,3--3,p03,3oo3-w,R03
1004,1,isolation,p03,3oo3-v,R03
1005,1,o-7,p03,loo7-w,R03
1006,4,o-3,p03,bii3-w,R03
1007,1,isolation,p03,bii3-v,R03
1008,1,o-7,p03,zii7-w,R03
1009,5,n-n,p03,muun-w,R03
1010,5,n-o,p03,muus-w,R03
1011,5,n-o,p03,mooz-w,R03
1012,1,7-o,p03,7ook-w,R03
1013,4,7-n,p03,7oom-w,R03
1014,1,3-o,p03,3aaf-w,R03
1015,1,n-7,p03,naa7-w,R03
1016,1,isolation,p03,naa7-v,R03
1017,4,n-n,p03,naam-w,R03
1018,1,isolation,p03,naam-v,R03
1019,5,o-n,p03,doom-w,R03
1020,1,isolation,p03,doom-v,R03
1021,4,3-n,p03,3oon-w,R03
1022,5,n-n,p03,noom-w,R03
1023,1,3-o,p03,3eeb-w,R03
1024,1,isolation,p03,3eeb-v,R03
1025,4,3-n,p03,3aam-w,R03
1026,1,7-o,p03,7aad-w,R03
1027,4,3-n,p03,3een-w,R03
1028,1,3-o,p03,3iish-w,R03
1029,1,7-o,p03,7eef-w,R03
1030,1,isolation,p03,7eef-v,R03
1031,4,o-n,p03,saam-w,R03
1032,1,isolation,p03,saam-v,R03
1033,1,o-3,p03,baa3-w,R03
1034,1,o-o,p03,beet-w,R03
1035,1,o-o,p03,boosh-w,R03
1036,5,n-3,p06,noo3-w,R03
1037,2,isolation,p06,noo3-v,R03
1038,1,o-o,p06,daas-w,R03
1039,4,n-o,p06,maat-w,R03
1040,1,isolation,p06,maat-v,R03
1041,5,7-n,p06,7en-w,R03
1042,1,o-n,p06,diin-w,R03
1043,1,o-7,p06,zaa7-w,R03
1044,3,o-3,p06,djuu3-w,R03
1045,1,isolation,p06,djuu3-v,R03
1046,5,n-7,p06,nuu7-w,R03
1047,1,isolation,p06,nuu7-v,R03
1048,1,3--3,p06,3oo3-w,R03
1049,1,isolation,p06,3oo3-v,R03
1050,1,o-7,p06,loo7-w,R03
1051,1,o-3,p06,bii3-w,R03
1052,1,isolation,p06,bii3-v,R03
1053,1,o-7,p06,zii7-w,R03
1054,5,n-n,p06,noom-w,R03
1055,5,n-n,p06,muun-w,R03
1056,5,n-o,p06,muus-w,R03
1057,1,n-o,p06,mooz-w,R03
1058,4,7-o,p06,7ook-w,R03
1059,4,7-n,p06,7oom-w,R03
1060,1,3-o,p06,3aaf-w,R03
1061,1,n-7,p06,naa7-w,R03
1062,1,isolation,p06,naa7-v,R03
1063,4,n-n,p06,naam-w,R03
1064,1,isolation,p06,naam-v,R03
1065,2,o-n,p06,doom-w,R03
1066,1,isolation,p06,doom-v,R03
1067,4,3-n,p06,3oon-w,R03
1068,1,3-o,p06,3eeb-w,R03
1069,1,isolation,p06,3eeb-v,R03
1070,4,3-n,p06,3aam-w,R03
1071,1,7-o,p06,7aad-w,R03
1072,1,3-n,p06,3een-w,R03
1073,1,3-o,p06,3iish-w,R03
1074,1,7-o,p06,7eef-w,R03
1075,1,isolation,p06,7eef-v,R03
1076,4,o-n,p06,saam-w,R03
1077,1,isolation,p06,saam-v,R03
1078,2,o-3,p06,baa3-w,R03
1079,1,o-o,p06,beet-w,R03
1080,1,o-o,p06,boosh-w,R03
1081,5,n-3,p07,noo3-w,R03
1082,1,isolation,p07,noo3-v,R03
1083,1,o-3,p07,djuu3-w,R03
1084,1,isolation,p07,djuu3-v,R03
1085,5,n-7,p07,nuu7-w,R03
1086,1,isolation,p07,nuu7-v,R03
1087,1,3--3,p07,3oo3-w,R03
1088,1,isolation,p07,3oo3-v,R03
1089,4,o-7,p07,loo7-w,R03
1090,1,o-3,p07,bii3-w,R03
1091,1,isolation,p07,bii3-v,R03
1092,1,o-7,p07,zii7-w,R03
1093,1,o-o,p07,daas-w,R03
1094,1,n-o,p07,maat-w,R03
1095,1,isolation,p07,maat-v,R03
1096,3,7-n,p07,7en-w,R03
1097,4,o-n,p07,diin-w,R03
1098,1,o-7,p07,zaa7-w,R03
1099,1,n-7,p07,naa7-w,R03
1100,1,isolation,p07,naa7-v,R03
1101,1,n-n,p07,naam-w,R03
1102,1,isolation,p07,naam-v,R03
1103,1,o-n,p07,doom-w,R03
1104,1,isolation,p07,doom-v,R03
1105,1,3-n,p07,3oon-w,R03
1106,4,n-n,p07,noom-w,R03
1107,5,n-n,p07,muun-w,R03
1108,5,n-o,p07,muus-w,R03
1109,4,n-o,p07,mooz-w,R03
1110,1,7-o,p07,7ook-w,R03
1111,5,7-n,p07,7oom-w,R03
1112,1,3-o,p07,3aaf-w,R03
1113,1,3-o,p07,3eeb-w,R03
1114,4,isolation,p07,3eeb-v,R03
1115,4,o-n,p07,saam-w,R03
1116,1,isolation,p07,saam-v,R03
1117,5,3-n,p07,3aam-w,R03
1118,1,7-o,p07,7aad-w,R03
1119,4,3-n,p07,3een-w,R03
1120,1,3-o,p07,3iish-w,R03
1121,2,7-o,p07,7eef-w,R03
1122,1,isolation,p07,7eef-v,R03
1123,1,o-3,p07,baa3-w,R03
1124,1,o-o,p07,beet-w,R03
1125,4,o-o,p07,boosh-w,R03
1126,1,n-3,p08,noo3-w,R03
1127,1,isolation,p08,noo3-v,R03
1128,1,o-o,p08,daas-w,R03
1129,5,n-o,p08,maat-w,R03
1130,1,isolation,p08,maat-v,R03
1131,1,7-n,p08,7en-w,R03
1132,5,o-n,p08,diin-w,R03
1133,5,o-3,p08,djuu3-w,R03
1134,1,isolation,p08,djuu3-v,R03
1135,5,n-7,p08,nuu7-w,R03
1136,1,isolation,p08,nuu7-v,R03
1137,1,3--3,p08,3oo3-w,R03
1138,1,isolation,p08,3oo3-v,R03
1139,1,o-7,p08,loo7-w,R03
1140,1,o-3,p08,bii3-w,R03
1141,1,isolation,p08,bii3-v,R03
1142,2,o-7,p08,zii7-w,R03
1143,1,o-7,p08,zaa7-w,R03
1144,5,o-n,p08,doom-w,R03
1145,2,isolation,p08,doom-v,R03
1146,5,3-n,p08,3oon-w,R03
1147,5,n-n,p08,noom-w,R03
1148,5,n-n,p08,muun-w,R03
1149,5,n-o,p08,muus-w,R03
1150,5,n-o,p08,mooz-w,R03
1151,1,7-o,p08,7ook-w,R03
1152,4,7-n,p08,7oom-w,R03
1153,1,3-o,p08,3aaf-w,R03
1154,4,n-7,p08,naa7-w,R03
1155,1,isolation,p08,naa7-v,R03
1156,4,n-n,p08,naam-w,R03
1157,1,isolation,p08,naam-v,R03
1158,1,3-o,p08,3eeb-w,R03
1159,2,isolation,p08,3eeb-v,R03
1160,4,o-n,p08,saam-w,R03
1161,1,isolation,p08,saam-v,R03
1162,3,3-n,p08,3aam-w,R03
1163,1,7-o,p08,7aad-w,R03
1164,4,3-n,p08,3een-w,R03
1165,1,3-o,p08,3iish-w,R03
1166,1,7-o,p08,7eef-w,R03
1167,1,isolation,p08,7eef-v,R03
1168,1,o-3,p08,baa3-w,R03
1169,1,o-o,p08,beet-w,R03
1170,1,o-o,p08,boosh-w,R03
1171,3,n-3,p09,noo3-w,R03
1172,1,isolation,p09,noo3-v,R03
1173,1,o-o,p09,daas-w,R03
1174,5,n-o,p09,maat-w,R03
1175,1,isolation,p09,maat-v,R03
1176,2,7-n,p09,7en-w,R03
1177,4,o-n,p09,diin-w,R03
1178,2,o-7,p09,zaa7-w,R03
1179,4,o-3,p09,djuu3-w,R03
1180,1,isolation,p09,djuu3-v,R03
1181,4,n-7,p09,nuu7-w,R03
1182,1,isolation,p09,nuu7-v,R03
1183,1,3--3,p09,3oo3-w,R03
1184,1,isolation,p09,3oo3-v,R03
1185,1,o-7,p09,loo7-w,R03
1186,1,o-3,p09,bii3-w,R03
1187,1,isolation,p09,bii3-v,R03
1188,2,o-7,p09,zii7-w,R03
1189,3,n-n,p09,noom-w,R03
1190,5,n-n,p09,muun-w,R03
1191,5,n-o,p09,muus-w,R03
1192,5,n-o,p09,mooz-w,R03
1193,1,7-o,p09,7ook-w,R03
1194,5,7-n,p09,7oom-w,R03
1195,1,3-o,p09,3aaf-w,R03
1196,4,n-7,p09,naa7-w,R03
1197,1,isolation,p09,naa7-v,R03
1198,4,n-n,p09,naam-w,R03
1199,1,isolation,p09,naam-v,R03
1200,4,o-n,p09,doom-w,R03
1201,1,isolation,p09,doom-v,R03
1202,3,3-n,p09,3oon-w,R03
1203,1,3-o,p09,3eeb-w,R03
1204,1,isolation,p09,3eeb-v,R03
1205,4,o-n,p09,saam-w,R03
1206,1,isolation,p09,saam-v,R03
1207,3,3-n,p09,3aam-w,R03
1208,1,7-o,p09,7aad-w,R03
1209,3,3-n,p09,3een-w,R03
1210,1,3-o,p09,3iish-w,R03
1211,1,7-o,p09,7eef-w,R03
1212,1,isolation,p09,7eef-v,R03
1213,1,o-3,p09,baa3-w,R03
1214,1,o-o,p09,beet-w,R03
1215,4,o-o,p09,boosh-w,R03
1216,4,n-3,p04,noo3-w,R04
1217,5,isolation,p04,noo3-v,R04
1218,2,o-3,p04,djuu3-w,R04
1219,2,isolation,p04,djuu3-v,R04
1220,2,n-7,p04,nuu7-w,R04
1221,4,isolation,p04,nuu7-v,R04
1222,2,3--3,p04,3oo3-w,R04
1223,3,isolation,p04,3oo3-v,R04
1224,2,o-7,p04,loo7-w,R04
1225,1,o-3,p04,bii3-w,R04
1226,3,isolation,p04,bii3-v,R04
1227,3,o-7,p04,zii7-w,R04
1228,4,o-o,p04,daas-w,R04
1229,4,n-o,p04,maat-w,R04
1230,5,isolation,p04,maat-v,R04
1231,2,7-n,p04,7en-w,R04
1232,5,o-n,p04,diin-w,R04
1233,3,o-7,p04,zaa7-w,R04
1234,4,n-7,p04,naa7-w,R04
1235,3,isolation,p04,naa7-v,R04
1236,5,n-n,p04,naam-w,R04
1237,4,isolation,p04,naam-v,R04
1238,5,o-n,p04,doom-w,R04
1239,4,isolation,p04,doom-v,R04
1240,3,3-n,p04,3oon-w,R04
1241,5,n-n,p04,noom-w,R04
1242,3,n-n,p04,muun-w,R04
1243,4,n-o,p04,muus-w,R04
1244,5,n-o,p04,mooz-w,R04
1245,1,7-o,p04,7ook-w,R04
1246,5,7-n,p04,7oom-w,R04
1247,3,3-o,p04,3aaf-w,R04
1248,3,3-o,p04,3eeb-w,R04
1249,5,isolation,p04,3eeb-v,R04
1250,5,3-n,p04,3aam-w,R04
1251,5,7-o,p04,7aad-w,R04
1252,5,3-n,p04,3een-w,R04
1253,2,3-o,p04,3iish-w,R04
1254,4,7-o,p04,7eef-w,R04
1255,4,isolation,p04,7eef-v,R04
1256,5,o-n,p04,saam-w,R04
1257,3,isolation,p04,saam-v,R04
1258,3,o-3,p04,baa3-w,R04
1259,1,o-o,p04,beet-w,R04
1260,2,o-o,p04,boosh-w,R04
1261,5,n-3,p01,noo3-w,R04
1262,2,isolation,p01,noo3-v,R04
1263,3,o-o,p01,daas-w,R04
1264,5,n-o,p01,maat-w,R04
1265,2,isolation,p01,maat-v,R04
1266,5,7-n,p01,7en-w,R04
1267,3,o-n,p01,diin-w,R04
1268,2,o-7,p01,zaa7-w,R04
1269,2,o-3,p01,djuu3-w,R04
1270,3,isolation,p01,djuu3-v,R04
1271,3,n-7,p01,nuu7-w,R04
1272,1,isolation,p01,nuu7-v,R04
1273,2,3--3,p01,3oo3-w,R04
1274,1,isolation,p01,3oo3-v,R04
1275,2,o-7,p01,loo7-w,R04
1276,2,o-3,p01,bii3-w,R04
1277,2,isolation,p01,bii3-v,R04
1278,2,o-7,p01,zii7-w,R04
1279,4,3-n,p01,3oon-w,R04
1280,5,n-n,p01,noom-w,R04
1281,5,n-n,p01,muun-w,R04
1282,5,n-o,p01,muus-w,R04
1283,5,n-o,p01,mooz-w,R04
1284,2,7-o,p01,7ook-w,R04
1285,4,7-n,p01,7oom-w,R04
1286,3,3-o,p01,3aaf-w,R04
1287,5,n-7,p01,naa7-w,R04
1288,2,isolation,p01,naa7-v,R04
1289,5,n-n,p01,naam-w,R04
1290,1,isolation,p01,naam-v,R04
1291,4,o-n,p01,doom-w,R04
1292,2,isolation,p01,doom-v,R04
1293,5,3-o,p01,3eeb-w,R04
1294,3,isolation,p01,3eeb-v,R04
1295,4,3-n,p01,3aam-w,R04
1296,2,7-o,p01,7aad-w,R04
1297,5,3-n,p01,3een-w,R04
1298,4,3-o,p01,3iish-w,R04
1299,2,7-o,p01,7eef-w,R04
1300,4,isolation,p01,7eef-v,R04
1301,4,o-n,p01,saam-w,R04
1302,1,isolation,p01,saam-v,R04
1303,5,o-3,p01,baa3-w,R04
1304,1,o-o,p01,beet-w,R04
1305,1,o-o,p01,boosh-w,R04
1306,4,n-3,p05,noo3-w,R04
1307,4,isolation,p05,noo3-v,R04
1308,4,o-o,p05,daas-w,R04
1309,4,n-o,p05,maat-w,R04
1310,2,isolation,p05,maat-v,R04
1311,4,7-n,p05,7en-w,R04
1312,2,o-n,p05,diin-w,R04
1313,1,o-7,p05,zaa7-w,R04
1314,1,o-3,p05,djuu3-w,R04
1315,3,isolation,p05,djuu3-v,R04
1316,5,n-7,p05,nuu7-w,R04
1317,4,isolation,p05,nuu7-v,R04
1318,3,3--3,p05,3oo3-w,R04
1319,2,isolation,p05,3oo3-v,R04
1320,1,o-7,p05,loo7-w,R04
1321,1,o-3,p05,bii3-w,R04
1322,2,isolation,p05,bii3-v,R04
1323,2,o-7,p05,zii7-w,R04
1324,5,n-n,p05,noom-w,R04
1325,5,n-n,p05,muun-w,R04
1326,5,n-o,p05,muus-w,R04
1327,5,n-o,p05,mooz-w,R04
1328,2,7-o,p05,7ook-w,R04
1329,2,7-n,p05,7oom-w,R04
1330,2,3-o,p05,3aaf-w,R04
1331,4,n-7,p05,naa7-w,R04
1332,4,isolation,p05,naa7-v,R04
1333,5,n-n,p05,naam-w,R04
1334,3,isolation,p05,naam-v,R04
1335,4,o-n,p05,doom-w,R04
1336,4,isolation,p05,doom-v,R04
1337,5,3-n,p05,3oon-w,R04
1338,2,3-o,p05,3eeb-w,R04
1339,4,isolation,p05,3eeb-v,R04
1340,4,o-n,p05,saam-w,R04
1341,2,isolation,p05,saam-v,R04
1342,5,3-n,p05,3aam-w,R04
1343,2,7-o,p05,7aad-w,R04
1344,5,3-n,p05,3een-w,R04
1345,2,3-o,p05,3iish-w,R04
1346,4,7-o,p05,7eef-w,R04
1347,3,isolation,p05,7eef-v,R04
1348,3,o-3,p05,baa3-w,R04
1349,2,o-o,p05,beet-w,R04
1350,1,o-o,p05,boosh-w,R04
1351,5,n-3,p02,noo3-w,R04
1352,3,isolation,p02,noo3-v,R04
1353,4,o-o,p02,daas-w,R04
1354,5,n-o,p02,maat-w,R04
1355,3,isolation,p02,maat-v,R04
1356,4,7-n,p02,7en-w,R04
1357,5,o-n,p02,diin-w,R04
1358,2,o-7,p02,zaa7-w,R04
1359,2,o-3,p02,djuu3-w,R04
1360,3,isolation,p02,djuu3-v,R04
1361,5,n-7,p02,nuu7-w,R04
1362,3,isolation,p02,nuu7-v,R04
1363,1,3--3,p02,3oo3-w,R04
1364,1,isolation,p02,3oo3-v,R04
1365,1,o-7,p02,loo7-w,R04
1366,3,o-3,p02,bii3-w,R04
1367,2,isolation,p02,bii3-v,R04
1368,2,o-7,p02,zii7-w,R04
1369,5,n-o,p02,muus-w,R04
1370,4,n-o,p02,mooz-w,R04
1371,2,7-o,p02,7ook-w,R04
1372,4,7-n,p02,7oom-w,R04
1373,4,n-7,p02,naa7-w,R04
1374,2,3-o,p02,3aaf-w,R04
1375,4,isolation,p02,naa7-v,R04
1376,5,n-n,p02,naam-w,R04
1377,4,isolation,p02,naam-v,R04
1378,5,o-n,p02,doom-w,R04
1379,2,isolation,p02,doom-v,R04
1380,4,3-n,p02,3oon-w,R04
1381,4,n-n,p02,noom-w,R04
1382,5,n-n,p02,muun-w,R04
1383,4,3-o,p02,3eeb-w,R04
1384,5,o-n,p02,saam-w,R04
1385,4,isolation,p02,saam-v,R04
1386,2,isolation,p02,3eeb-v,R04
1387,4,3-n,p02,3aam-w,R04
1388,2,7-o,p02,7aad-w,R04
1389,5,3-n,p02,3een-w,R04
1390,1,3-o,p02,3iish-w,R04
1391,4,7-o,p02,7eef-w,R04
1392,5,isolation,p02,7eef-v,R04
1393,2,o-3,p02,baa3-w,R04
1394,1,o-o,p02,beet-w,R04
1395,2,o-o,p02,boosh-w,R04
1396,5,n-3,p03,noo3-w,R04
1397,2,isolation,p03,noo3-v,R04
1398,2,o-o,p03,daas-w,R04
1399,4,n-o,p03,maat-w,R04
1400,2,isolation,p03,maat-v,R04
1401,4,7-n,p03,7en-w,R04
1402,5,o-n,p03,diin-w,R04
1403,2,o-7,p03,zaa7-w,R04
1404,2,o-3,p03,djuu3-w,R04
1405,3,isolation,p03,djuu3-v,R04
1406,5,n-7,p03,nuu7-w,R04
1407,2,isolation,p03,nuu7-v,R04
1408,1,3--3,p03,3oo3-w,R04
1409,3,isolation,p03,3oo3-v,R04
1410,1,o-7,p03,loo7-w,R04
1411,1,o-3,p03,bii3-w,R04
1412,3,isolation,p03,bii3-v,R04
1413,1,o-7,p03,zii7-w,R04
1414,5,n-n,p03,muun-w,R04
1415,5,n-o,p03,muus-w,R04
1416,5,n-o,p03,mooz-w,R04
1417,1,7-o,p03,7ook-w,R04
1418,5,7-n,p03,7oom-w,R04
1419,1,3-o,p03,3aaf-w,R04
1420,1,n-7,p03,naa7-w,R04
1421,1,isolation,p03,naa7-v,R04
1422,4,n-n,p03,naam-w,R04
1423,1,isolation,p03,naam-v,R04
1424,5,o-n,p03,doom-w,R04
1425,2,isolation,p03,doom-v,R04
1426,5,3-n,p03,3oon-w,R04
1427,5,n-n,p03,noom-w,R04
1428,4,3-o,p03,3eeb-w,R04
1429,1,isolation,p03,3eeb-v,R04
1430,5,3-n,p03,3aam-w,R04
1431,2,7-o,p03,7aad-w,R04
1432,5,3-n,p03,3een-w,R04
1433,1,3-o,p03,3iish-w,R04
1434,1,7-o,p03,7eef-w,R04
1435,1,isolation,p03,7eef-v,R04
1436,4,o-n,p03,saam-w,R04
1437,1,isolation,p03,saam-v,R04
1438,2,o-3,p03,baa3-w,R04
1439,1,o-o,p03,beet-w,R04
1440,1,o-o,p03,boosh-w,R04
1441,4,n-3,p06,noo3-w,R04
1442,1,isolation,p06,noo3-v,R04
1443,2,o-o,p06,daas-w,R04
1444,2,n-o,p06,maat-w,R04
1445,3,isolation,p06,maat-v,R04
1446,5,7-n,p06,7en-w,R04
1447,3,o-n,p06,diin-w,R04
1448,2,o-7,p06,zaa7-w,R04
1449,1,o-3,p06,djuu3-w,R04
1450,2,isolation,p06,djuu3-v,R04
1451,5,n-7,p06,nuu7-w,R04
1452,1,isolation,p06,nuu7-v,R04
1453,1,3--3,p06,3oo3-w,R04
1454,1,isolation,p06,3oo3-v,R04
1455,3,o-7,p06,loo7-w,R04
1456,1,o-3,p06,bii3-w,R04
1457,3,isolation,p06,bii3-v,R04
1458,1,o-7,p06,zii7-w,R04
1459,4,n-n,p06,noom-w,R04
1460,5,n-n,p06,muun-w,R04
1461,5,n-o,p06,muus-w,R04
1462,2,n-o,p06,mooz-w,R04
1463,2,7-o,p06,7ook-w,R04
1464,3,7-n,p06,7oom-w,R04
1465,4,3-o,p06,3aaf-w,R04
1466,3,n-7,p06,naa7-w,R04
1467,2,isolation,p06,naa7-v,R04
1468,4,n-n,p06,naam-w,R04
1469,2,isolation,p06,naam-v,R04
1470,3,o-n,p06,doom-w,R04
1471,2,isolation,p06,doom-v,R04
1472,5,3-n,p06,3oon-w,R04
1473,3,3-o,p06,3eeb-w,R04
1474,4,isolation,p06,3eeb-v,R04
1475,5,3-n,p06,3aam-w,R04
1476,2,7-o,p06,7aad-w,R04
1477,4,3-n,p06,3een-w,R04
1478,2,3-o,p06,3iish-w,R04
1479,4,7-o,p06,7eef-w,R04
1480,2,isolation,p06,7eef-v,R04
1481,4,o-n,p06,saam-w,R04
1482,4,isolation,p06,saam-v,R04
1483,3,o-3,p06,baa3-w,R04
1484,2,o-o,p06,beet-w,R04
1485,3,o-o,p06,boosh-w,R04
1486,4,n-3,p07,noo3-w,R04
1487,2,isolation,p07,noo3-v,R04
1488,2,o-3,p07,djuu3-w,R04
1489,2,isolation,p07,djuu3-v,R04
1490,3,n-7,p07,nuu7-w,R04
1491,1,isolation,p07,nuu7-v,R04
1492,3,3--3,p07,3oo3-w,R04
1493,2,isolation,p07,3oo3-v,R04
1494,2,o-7,p07,loo7-w,R04
1495,1,o-3,p07,bii3-w,R04
1496,3,isolation,p07,bii3-v,R04
1497,1,o-7,p07,zii7-w,R04
1498,4,o-o,p07,daas-w,R04
1499,5,n-o,p07,maat-w,R04
1500,4,isolation,p07,maat-v,R04
1501,5,7-n,p07,7en-w,R04
1502,5,o-n,p07,diin-w,R04
1503,2,o-7,p07,zaa7-w,R04
1504,2,n-7,p07,naa7-w,R04
1505,4,isolation,p07,naa7-v,R04
1506,5,n-n,p07,naam-w,R04
1507,4,isolation,p07,naam-v,R04
1508,4,o-n,p07,doom-w,R04
1509,2,isolation,p07,doom-v,R04
1510,3,3-n,p07,3oon-w,R04
1511,2,n-n,p07,noom-w,R04
1512,5,n-n,p07,muun-w,R04
1513,5,n-o,p07,muus-w,R04
1514,3,n-o,p07,mooz-w,R04
1515,4,7-o,p07,7ook-w,R04
1516,5,7-n,p07,7oom-w,R04
1517,2,3-o,p07,3aaf-w,R04
1518,2,3-o,p07,3eeb-w,R04
1519,4,isolation,p07,3eeb-v,R04
1520,4,o-n,p07,saam-w,R04
1521,4,isolation,p07,saam-v,R04
1522,5,3-n,p07,3aam-w,R04
1523,4,7-o,p07,7aad-w,R04
1524,5,3-n,p07,3een-w,R04
1525,2,3-o,p07,3iish-w,R04
1526,3,7-o,p07,7eef-w,R04
1527,2,isolation,p07,7eef-v,R04
1528,4,o-3,p07,baa3-w,R04
1529,3,o-o,p07,beet-w,R04
1530,3,o-o,p07,boosh-w,R04
1531,5,n-3,p08,noo3-w,R04
1532,1,isolation,p08,noo3-v,R04
1533,2,o-o,p08,daas-w,R04
1534,5,n-o,p08,maat-w,R04
1535,2,isolation,p08,maat-v,R04
1536,4,7-n,p08,7en-w,R04
1537,5,o-n,p08,diin-w,R04
1538,2,o-3,p08,djuu3-w,R04
1539,2,isolation,p08,djuu3-v,R04
1540,5,n-7,p08,nuu7-w,R04
1541,2,isolation,p08,nuu7-v,R04
1542,1,3--3,p08,3oo3-w,R04
1543,1,isolation,p08,3oo3-v,R04
1544,2,o-7,p08,loo7-w,R04
1545,2,o-3,p08,bii3-w,R04
1546,1,isolation,p08,bii3-v,R04
1547,2,o-7,p08,zii7-w,R04
1548,2,o-7,p08,zaa7-w,R04
1549,5,o-n,p08,doom-w,R04
1550,2,isolation,p08,doom-v,R04
1551,4,3-n,p08,3oon-w,R04
1552,5,n-n,p08,noom-w,R04
1553,5,n-n,p08,muun-w,R04
1554,5,n-o,p08,muus-w,R04
1555,5,n-o,p08,mooz-w,R04
1556,2,7-o,p08,7ook-w,R04
1557,5,7-n,p08,7oom-w,R04
1558,2,3-o,p08,3aaf-w,R04
1559,5,n-7,p08,naa7-w,R04
1560,3,isolation,p08,naa7-v,R04
1561,5,n-n,p08,naam-w,R04
1562,3,isolation,p08,naam-v,R04
1563,2,3-o,p08,3eeb-w,R04
1564,1,isolation,p08,3eeb-v,R04
1565,5,o-n,p08,saam-w,R04
1566,2,isolation,p08,saam-v,R04
1567,5,3-n,p08,3aam-w,R04
1568,2,7-o,p08,7aad-w,R04
1569,4,3-n,p08,3een-w,R04
1570,2,3-o,p08,3iish-w,R04
1571,2,7-o,p08,7eef-w,R04
1572,2,isolation,p08,7eef-v,R04
1573,2,o-3,p08,baa3-w,R04
1574,1,o-o,p08,beet-w,R04
1575,2,o-o,p08,boosh-w,R04
1576,4,n-3,p09,noo3-w,R04
1577,1,isolation,p09,noo3-v,R04
1578,2,o-o,p09,daas-w,R04
1579,4,n-o,p09,maat-w,R04
1580,2,isolation,p09,maat-v,R04
1581,5,7-n,p09,7en-w,R04
1582,5,o-n,p09,diin-w,R04
1583,2,o-7,p09,zaa7-w,R04
1584,2,o-3,p09,djuu3-w,R04
1585,1,isolation,p09,djuu3-v,R04
1586,4,n-7,p09,nuu7-w,R04
1587,2,isolation,p09,nuu7-v,R04
1588,2,3--3,p09,3oo3-w,R04
1589,1,isolation,p09,3oo3-v,R04
1590,1,o-7,p09,loo7-w,R04
1591,1,o-3,p09,bii3-w,R04
1592,2,isolation,p09,bii3-v,R04
1593,1,o-7,p09,zii7-w,R04
1594,4,n-n,p09,noom-w,R04
1595,5,n-n,p09,muun-w,R04
1596,5,n-o,p09,muus-w,R04
1597,5,n-o,p09,mooz-w,R04
1598,2,7-o,p09,7ook-w,R04
1599,4,7-n,p09,7oom-w,R04
1600,2,3-o,p09,3aaf-w,R04
1601,4,n-7,p09,naa7-w,R04
1602,2,isolation,p09,naa7-v,R04
1603,4,n-n,p09,naam-w,R04
1604,2,isolation,p09,naam-v,R04
1605,5,o-n,p09,doom-w,R04
1606,1,isolation,p09,doom-v,R04
1607,5,3-n,p09,3oon-w,R04
1608,2,3-o,p09,3eeb-w,R04
1609,2,isolation,p09,3eeb-v,R04
1610,5,o-n,p09,saam-w,R04
1611,3,isolation,p09,saam-v,R04
1612,5,3-n,p09,3aam-w,R04
1613,4,7-o,p09,7aad-w,R04
1614,5,3-n,p09,3een-w,R04
1615,2,3-o,p09,3iish-w,R04
1616,5,7-o,p09,7eef-w,R04
1617,2,isolation,p09,7eef-v,R04
1618,2,o-3,p09,baa3-w,R04
1619,2,o-o,p09,beet-w,R04
1620,2,o-o,p09,boosh-w,R04
1621,2,n-3,p04,noo3-w,R05
1622,4,isolation,p04,noo3-v,R05
1623,2,o-3,p04,djuu3-w,R05
1624,5,isolation,p04,djuu3-v,R05
1625,3,n-7,p04,nuu7-w,R05
1626,4,isolation,p04,nuu7-v,R05
1627,1,3--3,p04,3oo3-w,R05
1628,2,isolation,p04,3oo3-v,R05
1629,3,o-7,p04,loo7-w,R05
1630,3,o-3,p04,bii3-w,R05
1631,4,isolation,p04,bii3-v,R05
1632,2,o-7,p04,zii7-w,R05
1633,2,o-o,p04,daas-w,R05
1634,3,n-o,p04,maat-w,R05
1635,3,isolation,p04,maat-v,R05
1636,1,7-n,p04,7en-w,R05
1637,5,o-n,p04,diin-w,R05
1638,3,o-7,p04,zaa7-w,R05
1639,3,n-7,p04,naa7-w,R05
1640,2,isolation,p04,naa7-v,R05
1641,4,n-n,p04,naam-w,R05
1642,4,isolation,p04,naam-v,R05
1643,5,o-n,p04,doom-w,R05
1644,5,isolation,p04,doom-v,R05
1645,2,3-n,p04,3oon-w,R05
1646,4,n-n,p04,noom-w,R05
1647,4,n-n,p04,muun-w,R05
1648,3,n-o,p04,muus-w,R05
1649,3,n-o,p04,mooz-w,R05
1650,1,7-o,p04,7ook-w,R05
1651,5,7-n,p04,7oom-w,R05
1652,2,3-o,p04,3aaf-w,R05
1653,1,3-o,p04,3eeb-w,R05
1654,3,isolation,p04,3eeb-v,R05
1655,3,3-n,p04,3aam-w,R05
1656,2,7-o,p04,7aad-w,R05
1657,2,3-n,p04,3een-w,R05
1658,1,3-o,p04,3iish-w,R05
1659,3,7-o,p04,7eef-w,R05
1660,2,isolation,p04,7eef-v,R05
1661,2,o-n,p04,saam-w,R05
1662,2,isolation,p04,saam-v,R05
1663,4,o-3,p04,baa3-w,R05
1664,4,o-o,p04,beet-w,R05
1665,3,o-o,p04,boosh-w,R05
1666,5,n-3,p01,noo3-w,R05
1667,3,isolation,p01,noo3-v,R05
1668,2,o-o,p01,daas-w,R05
1669,4,n-o,p01,maat-w,R05
1670,4,isolation,p01,maat-v,R05
1671,5,7-n,p01,7en-w,R05
1672,4,o-n,p01,diin-w,R05
1673,1,o-7,p01,zaa7-w,R05
1674,2,o-3,p01,djuu3-w,R05
1675,4,isolation,p01,djuu3-v,R05
1676,4,n-7,p01,nuu7-w,R05
1677,5,isolation,p01,nuu7-v,R05
1678,1,3--3,p01,3oo3-w,R05
1679,1,isolation,p01,3oo3-v,R05
1680,2,o-7,p01,loo7-w,R05
1681,3,o-3,p01,bii3-w,R05
1682,3,isolation,p01,bii3-v,R05
1683,2,o-7,p01,zii7-w,R05
1684,4,3-n,p01,3oon-w,R05
1685,5,n-n,p01,noom-w,R05
1686,5,n-n,p01,muun-w,R05
1687,5,n-o,p01,muus-w,R05
1688,4,n-o,p01,mooz-w,R05
1689,3,7-o,p01,7ook-w,R05
1690,4,7-n,p01,7oom-w,R05
1691,1,3-o,p01,3aaf-w,R05
1692,5,n-7,p01,naa7-w,R05
1693,2,isolation,p01,naa7-v,R05
1694,5,n-n,p01,naam-w,R05
1695,2,isolation,p01,naam-v,R05
1696,4,o-n,p01,doom-w,R05
1697,3,isolation,p01,doom-v,R05
1698,1,3-o,p01,3eeb-w,R05
1699,2,isolation,p01,3eeb-v,R05
1700,1,3-n,p01,3aam-w,R05
1701,2,7-o,p01,7aad-w,R05
1702,5,3-n,p01,3een-w,R05
1703,4,3-o,p01,3iish-w,R05
1704,2,7-o,p01,7eef-w,R05
1705,2,isolation,p01,7eef-v,R05
1706,4,o-n,p01,saam-w,R05
1707,1,isolation,p01,saam-v,R05
1708,2,o-3,p01,baa3-w,R05
1709,3,o-o,p01,beet-w,R05
1710,2,o-o,p01,boosh-w,R05
1711,5,n-3,p05,noo3-w,R05
1712,2,isolation,p05,noo3-v,R05
1713,1,o-o,p05,daas-w,R05
1714,2,n-o,p05,maat-w,R05
1715,1,isolation,p05,maat-v,R05
1716,3,7-n,p05,7en-w,R05
1717,3,o-n,p05,diin-w,R05
1718,4,o-7,p05,zaa7-w,R05
1719,3,o-3,p05,djuu3-w,R05
1720,5,isolation,p05,djuu3-v,R05
1721,5,n-7,p05,nuu7-w,R05
1722,4,isolation,p05,nuu7-v,R05
1723,2,3--3,p05,3oo3-w,R05
1724,4,isolation,p05,3oo3-v,R05
1725,4,o-7,p05,loo7-w,R05
1726,2,o-3,p05,bii3-w,R05
1727,3,isolation,p05,bii3-v,R05
1728,3,o-7,p05,zii7-w,R05
1729,5,n-n,p05,noom-w,R05
1730,5,n-n,p05,muun-w,R05
1731,5,n-o,p05,muus-w,R05
1732,3,n-o,p05,mooz-w,R05
1733,1,7-o,p05,7ook-w,R05
1734,1,7-n,p05,7oom-w,R05
1735,2,3-o,p05,3aaf-w,R05
1736,5,n-7,p05,naa7-w,R05
1737,4,isolation,p05,naa7-v,R05
1738,5,n-n,p05,naam-w,R05
1739,5,isolation,p05,naam-v,R05
1740,4,o-n,p05,doom-w,R05
1741,3,isolation,p05,doom-v,R05
1742,5,3-n,p05,3oon-w,R05
1743,1,3-o,p05,3eeb-w,R05
1744,3,isolation,p05,3eeb-v,R05
1745,4,o-n,p05,saam-w,R05
1746,4,isolation,p05,saam-v,R05
1747,5,3-n,p05,3aam-w,R05
1748,3,7-o,p05,7aad-w,R05
1749,2,3-n,p05,3een-w,R05
1750,2,3-o,p05,3iish-w,R05
1751,2,7-o,p05,7eef-w,R05
1752,3,isolation,p05,7eef-v,R05
1753,4,o-3,p05,baa3-w,R05
1754,2,o-o,p05,beet-w,R05
1755,3,o-o,p05,boosh-w,R05
1756,5,n-3,p02,noo3-w,R05
1757,4,isolation,p02,noo3-v,R05
1758,4,o-o,p02,daas-w,R05
1759,5,n-o,p02,maat-w,R05
1760,4,isolation,p02,maat-v,R05
1761,4,7-n,p02,7en-w,R05
1762,5,o-n,p02,diin-w,R05
1763,2,o-7,p02,zaa7-w,R05
1764,3,o-3,p02,djuu3-w,R05
1765,4,isolation,p02,djuu3-v,R05
1766,5,n-7,p02,nuu7-w,R05
1767,4,isolation,p02,nuu7-v,R05
1768,1,3--3,p02,3oo3-w,R05
1769,2,isolation,p02,3oo3-v,R05
1770,1,o-7,p02,loo7-w,R05
1771,4,o-3,p02,bii3-w,R05
1772,3,isolation,p02,bii3-v,R05
1773,2,o-7,p02,zii7-w,R05
1774,5,n-o,p02,muus-w,R05
1775,4,n-o,p02,mooz-w,R05
1776,2,7-o,p02,7ook-w,R05
1777,4,7-n,p02,7oom-w,R05
1778,4,n-7,p02,naa7-w,R05
1779,1,3-o,p02,3aaf-w,R05
1780,2,isolation,p02,naa7-v,R05
1781,4,n-n,p02,naam-w,R05
1782,2,isolation,p02,naam-v,R05
1783,5,o-n,p02,doom-w,R05
1784,4,isolation,p02,doom-v,R05
1785,5,3-n,p02,3oon-w,R05
1786,5,n-n,p02,noom-w,R05
1787,5,n-n,p02,muun-w,R05
1788,3,3-o,p02,3eeb-w,R05
1789,5,o-n,p02,saam-w,R05
1790,4,isolation,p02,saam-v,R05
1791,2,isolation,p02,3eeb-v,R05
1792,4,3-n,p02,3aam-w,R05
1793,1,7-o,p02,7aad-w,R05
1794,4,3-n,p02,3een-w,R05
1795,2,3-o,p02,3iish-w,R05
1796,2,7-o,p02,7eef-w,R05
1797,5,isolation,p02,7eef-v,R05
1798,1,o-3,p02,baa3-w,R05
1799,3,o-o,p02,beet-w,R05
1800,3,o-o,p02,boosh-w,R05
1801,5,n-3,p03,noo3-w,R05
1802,4,isolation,p03,noo3-v,R05
1803,2,o-o,p03,daas-w,R05
1804,4,n-o,p03,maat-w,R05
1805,2,isolation,p03,maat-v,R05
1806,2,7-n,p03,7en-w,R05
1807,4,o-n,p03,diin-w,R05
1808,3,o-7,p03,zaa7-w,R05
1809,3,o-3,p03,djuu3-w,R05
1810,4,isolation,p03,djuu3-v,R05
1811,5,n-7,p03,nuu7-w,R05
1812,4,isolation,p03,nuu7-v,R05
1813,2,3--3,p03,3oo3-w,R05
1814,2,isolation,p03,3oo3-v,R05
1815,1,o-7,p03,loo7-w,R05
1816,3,o-3,p03,bii3-w,R05
1817,4,isolation,p03,bii3-v,R05
1818,3,o-7,p03,zii7-w,R05
1819,5,n-n,p03,muun-w,R05
1820,5,n-o,p03,muus-w,R05
1821,5,n-o,p03,mooz-w,R05
1822,2,7-o,p03,7ook-w,R05
1823,4,7-n,p03,7oom-w,R05
1824,1,3-o,p03,3aaf-w,R05
1825,1,n-7,p03,naa7-w,R05
1826,2,isolation,p03,naa7-v,R05
1827,3,n-n,p03,naam-w,R05
1828,2,isolation,p03,naam-v,R05
1829,4,o-n,p03,doom-w,R05
1830,4,isolation,p03,doom-v,R05
1831,5,3-n,p03,3oon-w,R05
1832,5,n-n,p03,noom-w,R05
1833,2,3-o,p03,3eeb-w,R05
1834,4,isolation,p03,3eeb-v,R05
1835,4,3-n,p03,3aam-w,R05
1836,3,7-o,p03,7aad-w,R05
1837,5,3-n,p03,3een-w,R05
1838,2,3-o,p03,3iish-w,R05
1839,2,7-o,p03,7eef-w,R05
1840,2,isolation,p03,7eef-v,R05
1841,4,o-n,p03,saam-w,R05
1842,2,isolation,p03,saam-v,R05
1843,3,o-3,p03,baa3-w,R05
1844,2,o-o,p03,beet-w,R05
1845,1,o-o,p03,boosh-w,R05
1846,4,n-3,p06,noo3-w,R05
1847,3,isolation,p06,noo3-v,R05
1848,2,o-o,p06,daas-w,R05
1849,4,n-o,p06,maat-w,R05
1850,1,isolation,p06,maat-v,R05
1851,5,7-n,p06,7en-w,R05
1852,4,o-n,p06,diin-w,R05
1853,2,o-7,p06,zaa7-w,R05
1854,3,o-3,p06,djuu3-w,R05
1855,4,isolation,p06,djuu3-v,R05
1856,5,n-7,p06,nuu7-w,R05
1857,4,isolation,p06,nuu7-v,R05
1858,1,3--3,p06,3oo3-w,R05
1859,2,isolation,p06,3oo3-v,R05
1860,2,o-7,p06,loo7-w,R05
1861,4,o-3,p06,bii3-w,R05
1862,4,isolation,p06,bii3-v,R05
1863,2,o-7,p06,zii7-w,R05
1864,5,n-n,p06,noom-w,R05
1865,5,n-n,p06,muun-w,R05
1866,5,n-o,p06,muus-w,R05
1867,4,n-o,p06,mooz-w,R05
1868,5,7-o,p06,7ook-w,R05
1869,5,7-n,p06,7oom-w,R05
1870,4,3-o,p06,3aaf-w,R05
1871,5,n-7,p06,naa7-w,R05
1872,3,isolation,p06,naa7-v,R05
1873,5,n-n,p06,naam-w,R05
1874,4,isolation,p06,naam-v,R05
1875,4,o-n,p06,doom-w,R05
1876,3,isolation,p06,doom-v,R05
1877,5,3-n,p06,3oon-w,R05
1878,2,3-o,p06,3eeb-w,R05
1879,1,isolation,p06,3eeb-v,R05
1880,4,3-n,p06,3aam-w,R05
1881,2,7-o,p06,7aad-w,R05
1882,3,3-n,p06,3een-w,R05
1883,2,3-o,p06,3iish-w,R05
1884,2,7-o,p06,7eef-w,R05
1885,1,isolation,p06,7eef-v,R05
1886,4,o-n,p06,saam-w,R05
1887,2,isolation,p06,saam-v,R05
1888,4,o-3,p06,baa3-w,R05
1889,3,o-o,p06,beet-w,R05
1890,1,o-o,p06,boosh-w,R05
1891,4,n-3,p07,noo3-w,R05
1892,3,isolation,p07,noo3-v,R05
1893,2,o-3,p07,djuu3-w,R05
1894,2,isolation,p07,djuu3-v,R05
1895,4,n-7,p07,nuu7-w,R05
1896,2,isolation,p07,nuu7-v,R05
1897,2,3--3,p07,3oo3-w,R05
1898,4,isolation,p07,3oo3-v,R05
1899,3,o-7,p07,loo7-w,R05
1900,4,o-3,p07,bii3-w,R05
1901,2,isolation,p07,bii3-v,R05
1902,2,o-7,p07,zii7-w,R05
1903,2,o-o,p07,daas-w,R05
1904,2,n-o,p07,maat-w,R05
1905,2,isolation,p07,maat-v,R05
1906,4,7-n,p07,7en-w,R05
1907,5,o-n,p07,diin-w,R05
1908,3,o-7,p07,zaa7-w,R05
1909,2,n-7,p07,naa7-w,R05
1910,2,isolation,p07,naa7-v,R05
1911,2,n-n,p07,naam-w,R05
1912,1,isolation,p07,naam-v,R05
1913,1,o-n,p07,doom-w,R05
1914,4,isolation,p07,doom-v,R05
1915,1,3-n,p07,3oon-w,R05
1916,1,n-n,p07,noom-w,R05
1917,5,n-n,p07,muun-w,R05
1918,5,n-o,p07,muus-w,R05
1919,5,n-o,p07,mooz-w,R05
1920,3,7-o,p07,7ook-w,R05
1921,4,7-n,p07,7oom-w,R05
1922,4,3-o,p07,3aaf-w,R05
1923,4,3-o,p07,3eeb-w,R05
1924,5,isolation,p07,3eeb-v,R05
1925,4,o-n,p07,saam-w,R05
1926,4,isolation,p07,saam-v,R05
1927,5,3-n,p07,3aam-w,R05
1928,4,7-o,p07,7aad-w,R05
1929,5,3-n,p07,3een-w,R05
1930,3,3-o,p07,3iish-w,R05
1931,2,7-o,p07,7eef-w,R05
1932,3,isolation,p07,7eef-v,R05
1933,2,o-3,p07,baa3-w,R05
1934,4,o-o,p07,beet-w,R05
1935,5,o-o,p07,boosh-w,R05
1936,5,n-3,p08,noo3-w,R05
1937,2,isolation,p08,noo3-v,R05
1938,1,o-o,p08,daas-w,R05
1939,5,n-o,p08,maat-w,R05
1940,2,isolation,p08,maat-v,R05
1941,4,7-n,p08,7en-w,R05
1942,5,o-n,p08,diin-w,R05
1943,3,o-3,p08,djuu3-w,R05
1944,2,isolation,p08,djuu3-v,R05
1945,5,n-7,p08,nuu7-w,R05
1946,3,isolation,p08,nuu7-v,R05
1947,1,3--3,p08,3oo3-w,R05
1948,3,isolation,p08,3oo3-v,R05
1949,1,o-7,p08,loo7-w,R05
1950,2,o-3,p08,bii3-w,R05
1951,3,isolation,p08,bii3-v,R05
1952,2,o-7,p08,zii7-w,R05
1953,1,o-7,p08,zaa7-w,R05
1954,5,o-n,p08,doom-w,R05
1955,3,isolation,p08,doom-v,R05
1956,5,3-n,p08,3oon-w,R05
1957,5,n-n,p08,noom-w,R05
1958,5,n-n,p08,muun-w,R05
1959,5,n-o,p08,muus-w,R05
1960,5,n-o,p08,mooz-w,R05
1961,2,7-o,p08,7ook-w,R05
1962,4,7-n,p08,7oom-w,R05
1963,1,3-o,p08,3aaf-w,R05
1964,5,n-7,p08,naa7-w,R05
1965,3,isolation,p08,naa7-v,R05
1966,5,n-n,p08,naam-w,R05
1967,3,isolation,p08,naam-v,R05
1968,2,3-o,p08,3eeb-w,R05
1969,2,isolation,p08,3eeb-v,R05
1970,5,o-n,p08,saam-w,R05
1971,3,isolation,p08,saam-v,R05
1972,5,3-n,p08,3aam-w,R05
1973,1,7-o,p08,7aad-w,R05
1974,4,3-n,p08,3een-w,R05
1975,3,3-o,p08,3iish-w,R05
1976,2,7-o,p08,7eef-w,R05
1977,4,isolation,p08,7eef-v,R05
1978,2,o-3,p08,baa3-w,R05
1979,1,o-o,p08,beet-w,R05
1980,2,o-o,p08,boosh-w,R05
1981,3,n-3,p09,noo3-w,R05
1982,2,isolation,p09,noo3-v,R05
1983,2,o-o,p09,daas-w,R05
1984,5,n-o,p09,maat-w,R05
1985,4,isolation,p09,maat-v,R05
1986,5,7-n,p09,7en-w,R05
1987,5,o-n,p09,diin-w,R05
1988,4,o-7,p09,zaa7-w,R05
1989,3,o-3,p09,djuu3-w,R05
1990,4,isolation,p09,djuu3-v,R05
1991,5,n-7,p09,nuu7-w,R05
1992,2,isolation,p09,nuu7-v,R05
1993,1,3--3,p09,3oo3-w,R05
1994,2,isolation,p09,3oo3-v,R05
1995,2,o-7,p09,loo7-w,R05
1996,2,o-3,p09,bii3-w,R05
1997,2,isolation,p09,bii3-v,R05
1998,2,o-7,p09,zii7-w,R05
1999,4,n-n,p09,noom-w,R05
2000,5,n-n,p09,muun-w,R05
2001,5,n-o,p09,muus-w,R05
2002,5,n-o,p09,mooz-w,R05
2003,4,7-o,p09,7ook-w,R05
2004,5,7-n,p09,7oom-w,R05
2005,2,3-o,p09,3aaf-w,R05
2006,5,n-7,p09,naa7-w,R05
2007,2,isolation,p09,naa7-v,R05
2008,5,n-n,p09,naam-w,R05
2009,3,isolation,p09,naam-v,R05
2010,5,o-n,p09,doom-w,R05
2011,4,isolation,p09,doom-v,R05
2012,5,3-n,p09,3oon-w,R05
2013,2,3-o,p09,3eeb-w,R05
2014,2,isolation,p09,3eeb-v,R05
2015,4,o-n,p09,saam-w,R05
2016,4,isolation,p09,saam-v,R05
2017,5,3-n,p09,3aam-w,R05
2018,2,7-o,p09,7aad-w,R05
2019,5,3-n,p09,3een-w,R05
2020,3,3-o,p09,3iish-w,R05
2021,4,7-o,p09,7eef-w,R05
2022,1,isolation,p09,7eef-v,R05
2023,2,o-3,p09,baa3-w,R05
2024,2,o-o,p09,beet-w,R05
2025,1,o-o,p09,boosh-w,R05
2026,3,n-3,p04,noo3-w,R06
2027,3,isolation,p04,noo3-v,R06
2028,1,o-3,p04,djuu3-w,R06
2029,4,isolation,p04,djuu3-v,R06
2030,2,n-7,p04,nuu7-w,R06
2031,3,isolation,p04,nuu7-v,R06
2032,1,3--3,p04,3oo3-w,R06
2033,1,isolation,p04,3oo3-v,R06
2034,1,o-7,p04,loo7-w,R06
2035,1,o-3,p04,bii3-w,R06
2036,1,isolation,p04,bii3-v,R06
2037,1,o-7,p04,zii7-w,R06
2038,1,o-o,p04,daas-w,R06
2039,4,n-o,p04,maat-w,R06
2040,3,isolation,p04,maat-v,R06
2041,1,7-n,p04,7en-w,R06
2042,3,o-n,p04,diin-w,R06
2043,1,o-7,p04,zaa7-w,R06
2044,1,n-7,p04,naa7-w,R06
2045,3,isolation,p04,naa7-v,R06
2046,5,n-n,p04,naam-w,R06
2047,1,isolation,p04,naam-v,R06
2048,4,o-n,p04,doom-w,R06
2049,5,isolation,p04,doom-v,R06
2050,3,3-n,p04,3oon-w,R06
2051,4,n-n,p04,noom-w,R06
2052,1,n-n,p04,muun-w,R06
2053,4,n-o,p04,muus-w,R06
2054,4,n-o,p04,mooz-w,R06
2055,1,7-o,p04,7ook-w,R06
2056,5,7-n,p04,7oom-w,R06
2057,1,3-o,p04,3aaf-w,R06
2058,1,3-o,p04,3eeb-w,R06
2059,2,isolation,p04,3eeb-v,R06
2060,4,3-n,p04,3aam-w,R06
2061,3,7-o,p04,7aad-w,R06
2062,3,3-n,p04,3een-w,R06
2063,3,3-o,p04,3iish-w,R06
2064,2,7-o,p04,7eef-w,R06
2065,5,isolation,p04,7eef-v,R06
2066,5,o-n,p04,saam-w,R06
2067,3,isolation,p04,saam-v,R06
2068,1,o-3,p04,baa3-w,R06
2069,1,o-o,p04,beet-w,R06
2070,1,o-o,p04,boosh-w,R06
2071,5,n-3,p01,noo3-w,R06
2072,1,isolation,p01,noo3-v,R06
2073,1,o-o,p01,daas-w,R06
2074,5,n-o,p01,maat-w,R06
2075,1,isolation,p01,maat-v,R06
2076,4,7-n,p01,7en-w,R06
2077,1,o-n,p01,diin-w,R06
2078,1,o-7,p01,zaa7-w,R06
2079,1,o-3,p01,djuu3-w,R06
2080,2,isolation,p01,djuu3-v,R06
2081,4,n-7,p01,nuu7-w,R06
2082,1,isolation,p01,nuu7-v,R06
2083,1,3--3,p01,3oo3-w,R06
2084,1,isolation,p01,3oo3-v,R06
2085,1,o-7,p01,loo7-w,R06
2086,1,o-3,p01,bii3-w,R06
2087,2,isolation,p01,bii3-v,R06
2088,3,o-7,p01,zii7-w,R06
2089,1,3-n,p01,3oon-w,R06
2090,4,n-n,p01,noom-w,R06
2091,4,n-n,p01,muun-w,R06
2092,5,n-o,p01,muus-w,R06
2093,3,n-o,p01,mooz-w,R06
2094,1,7-o,p01,7ook-w,R06
2095,2,7-n,p01,7oom-w,R06
2096,1,3-o,p01,3aaf-w,R06
2097,5,n-7,p01,naa7-w,R06
2098,1,isolation,p01,naa7-v,R06
2099,4,n-n,p01,naam-w,R06
2100,1,isolation,p01,naam-v,R06
2101,1,o-n,p01,doom-w,R06
2102,1,isolation,p01,doom-v,R06
2103,1,3-o,p01,3eeb-w,R06
2104,1,isolation,p01,3eeb-v,R06
2105,1,3-n,p01,3aam-w,R06
2106,1,7-o,p01,7aad-w,R06
2107,3,3-n,p01,3een-w,R06
2108,1,3-o,p01,3iish-w,R06
2109,1,7-o,p01,7eef-w,R06
2110,1,isolation,p01,7eef-v,R06
2111,3,o-n,p01,saam-w,R06
2112,1,isolation,p01,saam-v,R06
2113,2,o-3,p01,baa3-w,R06
2114,1,o-o,p01,beet-w,R06
2115,1,o-o,p01,boosh-w,R06
2116,2,n-3,p05,noo3-w,R06
2117,1,isolation,p05,noo3-v,R06
2118,1,o-o,p05,daas-w,R06
2119,2,n-o,p05,maat-w,R06
2120,1,isolation,p05,maat-v,R06
2121,1,7-n,p05,7en-w,R06
2122,1,o-n,p05,diin-w,R06
2123,1,o-7,p05,zaa7-w,R06
2124,1,o-3,p05,djuu3-w,R06
2125,1,isolation,p05,djuu3-v,R06
2126,5,n-7,p05,nuu7-w,R06
2127,1,isolation,p05,nuu7-v,R06
2128,1,3--3,p05,3oo3-w,R06
2129,1,isolation,p05,3oo3-v,R06
2130,1,o-7,p05,loo7-w,R06
2131,1,o-3,p05,bii3-w,R06
2132,1,isolation,p05,bii3-v,R06
2133,1,o-7,p05,zii7-w,R06
2134,4,n-n,p05,noom-w,R06
2135,5,n-n,p05,muun-w,R06
2136,5,n-o,p05,muus-w,R06
2137,2,n-o,p05,mooz-w,R06
2138,1,7-o,p05,7ook-w,R06
2139,1,7-n,p05,7oom-w,R06
2140,1,3-o,p05,3aaf-w,R06
2141,2,n-7,p05,naa7-w,R06
2142,1,isolation,p05,naa7-v,R06
2143,3,n-n,p05,naam-w,R06
2144,1,isolation,p05,naam-v,R06
2145,1,o-n,p05,doom-w,R06
2146,1,isolation,p05,doom-v,R06
2147,1,3-n,p05,3oon-w,R06
2148,1,3-o,p05,3eeb-w,R06
2149,1,isolation,p05,3eeb-v,R06
2150,1,o-n,p05,saam-w,R06
2151,1,isolation,p05,saam-v,R06
2152,1,3-n,p05,3aam-w,R06
2153,1,7-o,p05,7aad-w,R06
2154,1,3-n,p05,3een-w,R06
2155,1,3-o,p05,3iish-w,R06
2156,1,7-o,p05,7eef-w,R06
2157,1,isolation,p05,7eef-v,R06
2158,1,o-3,p05,baa3-w,R06
2159,2,o-o,p05,beet-w,R06
2160,2,o-o,p05,boosh-w,R06
2161,5,n-3,p02,noo3-w,R06
2162,1,isolation,p02,noo3-v,R06
2163,3,o-o,p02,daas-w,R06
2164,4,n-o,p02,maat-w,R06
2165,1,isolation,p02,maat-v,R06
2166,5,7-n,p02,7en-w,R06
2167,4,o-n,p02,diin-w,R06
2168,1,o-7,p02,zaa7-w,R06
2169,1,o-3,p02,djuu3-w,R06
2170,2,isolation,p02,djuu3-v,R06
2171,5,n-7,p02,nuu7-w,R06
2172,1,isolation,p02,nuu7-v,R06
2173,1,3--3,p02,3oo3-w,R06
2174,1,isolation,p02,3oo3-v,R06
2175,1,o-7,p02,loo7-w,R06
2176,2,o-3,p02,bii3-w,R06
2177,2,isolation,p02,bii3-v,R06
2178,1,o-7,p02,zii7-w,R06
2179,5,n-o,p02,muus-w,R06
2180,2,n-o,p02,mooz-w,R06
2181,1,7-o,p02,7ook-w,R06
2182,4,7-n,p02,7oom-w,R06
2183,3,n-7,p02,naa7-w,R06
2184,2,3-o,p02,3aaf-w,R06
2185,1,isolation,p02,naa7-v,R06
2186,5,n-n,p02,naam-w,R06
2187,1,isolation,p02,naam-v,R06
2188,2,o-n,p02,doom-w,R06
2189,1,isolation,p02,doom-v,R06
2190,5,3-n,p02,3oon-w,R06
2191,3,n-n,p02,noom-w,R06
2192,4,n-n,p02,muun-w,R06
2193,1,3-o,p02,3eeb-w,R06
2194,5,o-n,p02,saam-w,R06
2195,2,isolation,p02,saam-v,R06
2196,1,isolation,p02,3eeb-v,R06
2197,3,3-n,p02,3aam-w,R06
2198,1,7-o,p02,7aad-w,R06
2199,5,3-n,p02,3een-w,R06
2200,2,3-o,p02,3iish-w,R06
2201,1,7-o,p02,7eef-w,R06
2202,5,isolation,p02,7eef-v,R06
2203,1,o-3,p02,baa3-w,R06
2204,1,o-o,p02,beet-w,R06
2205,4,o-o,p02,boosh-w,R06
2206,5,n-3,p03,noo3-w,R06
2207,1,isolation,p03,noo3-v,R06
2208,1,o-o,p03,daas-w,R06
2209,4,n-o,p03,maat-w,R06
2210,1,isolation,p03,maat-v,R06
2211,4,7-n,p03,7en-w,R06
2212,2,o-n,p03,diin-w,R06
2213,1,o-7,p03,zaa7-w,R06
2214,1,o-3,p03,djuu3-w,R06
2215,1,isolation,p03,djuu3-v,R06
2216,5,n-7,p03,nuu7-w,R06
2217,1,isolation,p03,nuu7-v,R06
2218,1,3--3,p03,3oo3-w,R06
2219,2,isolation,p03,3oo3-v,R06
2220,1,o-7,p03,loo7-w,R06
2221,1,o-3,p03,bii3-w,R06
2222,1,isolation,p03,bii3-v,R06
2223,1,o-7,p03,zii7-w,R06
2224,5,n-n,p03,muun-w,R06
2225,5,n-o,p03,muus-w,R06
2226,5,n-o,p03,mooz-w,R06
2227,1,7-o,p03,7ook-w,R06
2228,4,7-n,p03,7oom-w,R06
2229,1,3-o,p03,3aaf-w,R06
2230,1,n-7,p03,naa7-w,R06
2231,1,isolation,p03,naa7-v,R06
2232,3,n-n,p03,naam-w,R06
2233,1,isolation,p03,naam-v,R06
2234,4,o-n,p03,doom-w,R06
2235,2,isolation,p03,doom-v,R06
2236,4,3-n,p03,3oon-w,R06
2237,5,n-n,p03,noom-w,R06
2238,1,3-o,p03,3eeb-w,R06
2239,1,isolation,p03,3eeb-v,R06
2240,4,3-n,p03,3aam-w,R06
2241,1,7-o,p03,7aad-w,R06
2242,5,3-n,p03,3een-w,R06
2243,1,3-o,p03,3iish-w,R06
2244,1,7-o,p03,7eef-w,R06
2245,2,isolation,p03,7eef-v,R06
2246,3,o-n,p03,saam-w,R06
2247,1,isolation,p03,saam-v,R06
2248,1,o-3,p03,baa3-w,R06
2249,1,o-o,p03,beet-w,R06
2250,1,o-o,p03,boosh-w,R06
2251,1,n-3,p06,noo3-w,R06
2252,1,isolation,p06,noo3-v,R06
2253,1,o-o,p06,daas-w,R06
2254,2,n-o,p06,maat-w,R06
2255,1,isolation,p06,maat-v,R06
2256,4,7-n,p06,7en-w,R06
2257,3,o-n,p06,diin-w,R06
2258,1,o-7,p06,zaa7-w,R06
2259,1,o-3,p06,djuu3-w,R06
2260,1,isolation,p06,djuu3-v,R06
2261,4,n-7,p06,nuu7-w,R06
2262,1,isolation,p06,nuu7-v,R06
2263,1,3--3,p06,3oo3-w,R06
2264,1,isolation,p06,3oo3-v,R06
2265,1,o-7,p06,loo7-w,R06
2266,1,o-3,p06,bii3-w,R06
2267,2,isolation,p06,bii3-v,R06
2268,1,o-7,p06,zii7-w,R06
2269,4,n-n,p06,noom-w,R06
2270,5,n-n,p06,muun-w,R06
2271,5,n-o,p06,muus-w,R06
2272,2,n-o,p06,mooz-w,R06
2273,4,7-o,p06,7ook-w,R06
2274,3,7-n,p06,7oom-w,R06
2275,1,3-o,p06,3aaf-w,R06
2276,4,n-7,p06,naa7-w,R06
2277,1,isolation,p06,naa7-v,R06
2278,4,n-n,p06,naam-w,R06
2279,1,isolation,p06,naam-v,R06
2280,2,o-n,p06,doom-w,R06
2281,1,isolation,p06,doom-v,R06
2282,5,3-n,p06,3oon-w,R06
2283,1,3-o,p06,3eeb-w,R06
2284,1,isolation,p06,3eeb-v,R06
2285,4,3-n,p06,3aam-w,R06
2286,1,7-o,p06,7aad-w,R06
2287,3,3-n,p06,3een-w,R06
2288,1,3-o,p06,3iish-w,R06
2289,1,7-o,p06,7eef-w,R06
2290,1,isolation,p06,7eef-v,R06
2291,3,o-n,p06,saam-w,R06
2292,1,isolation,p06,saam-v,R06
2293,1,o-3,p06,baa3-w,R06
2294,1,o-o,p06,beet-w,R06
2295,1,o-o,p06,boosh-w,R06
2296,1,n-3,p07,noo3-w,R06
2297,1,isolation,p07,noo3-v,R06
2298,1,o-3,p07,djuu3-w,R06
2299,1,isolation,p07,djuu3-v,R06
2300,3,n-7,p07,nuu7-w,R06
2301,1,isolation,p07,nuu7-v,R06
2302,1,3--3,p07,3oo3-w,R06
2303,1,isolation,p07,3oo3-v,R06
2304,1,o-7,p07,loo7-w,R06
2305,1,o-3,p07,bii3-w,R06
2306,1,isolation,p07,bii3-v,R06
2307,2,o-7,p07,zii7-w,R06
2308,1,o-o,p07,daas-w,R06
2309,1,n-o,p07,maat-w,R06
2310,1,isolation,p07,maat-v,R06
2311,4,7-n,p07,7en-w,R06
2312,3,o-n,p07,diin-w,R06
2313,1,o-7,p07,zaa7-w,R06
2314,1,n-7,p07,naa7-w,R06
2315,1,isolation,p07,naa7-v,R06
2316,3,n-n,p07,naam-w,R06
2317,2,isolation,p07,naam-v,R06
2318,1,o-n,p07,doom-w,R06
2319,1,isolation,p07,doom-v,R06
2320,1,3-n,p07,3oon-w,R06
2321,1,n-n,p07,noom-w,R06
2322,1,n-n,p07,muun-w,R06
2323,5,n-o,p07,muus-w,R06
2324,5,n-o,p07,mooz-w,R06
2325,3,7-o,p07,7ook-w,R06
2326,5,7-n,p07,7oom-w,R06
2327,1,3-o,p07,3aaf-w,R06
2328,1,3-o,p07,3eeb-w,R06
2329,1,isolation,p07,3eeb-v,R06
2330,3,o-n,p07,saam-w,R06
2331,1,isolation,p07,saam-v,R06
2332,5,3-n,p07,3aam-w,R06
2333,3,7-o,p07,7aad-w,R06
2334,5,3-n,p07,3een-w,R06
2335,1,3-o,p07,3iish-w,R06
2336,1,7-o,p07,7eef-w,R06
2337,1,isolation,p07,7eef-v,R06
2338,1,o-3,p07,baa3-w,R06
2339,1,o-o,p07,beet-w,R06
2340,3,o-o,p07,boosh-w,R06
2341,5,n-3,p08,noo3-w,R06
2342,1,isolation,p08,noo3-v,R06
2343,1,o-o,p08,daas-w,R06
2344,5,n-o,p08,maat-w,R06
2345,1,isolation,p08,maat-v,R06
2346,4,7-n,p08,7en-w,R06
2347,4,o-n,p08,diin-w,R06
2348,1,o-3,p08,djuu3-w,R06
2349,1,isolation,p08,djuu3-v,R06
2350,5,n-7,p08,nuu7-w,R06
2351,1,isolation,p08,nuu7-v,R06
2352,1,3--3,p08,3oo3-w,R06
2353,1,isolation,p08,3oo3-v,R06
2354,1,o-7,p08,loo7-w,R06
2355,1,o-3,p08,bii3-w,R06
2356,1,isolation,p08,bii3-v,R06
2357,1,o-7,p08,zii7-w,R06
2358,1,o-7,p08,zaa7-w,R06
2359,5,o-n,p08,doom-w,R06
2360,1,isolation,p08,doom-v,R06
2361,2,3-n,p08,3oon-w,R06
2362,5,n-n,p08,noom-w,R06
2363,5,n-n,p08,muun-w,R06
2364,5,n-o,p08,muus-w,R06
2365,5,n-o,p08,mooz-w,R06
2366,1,7-o,p08,7ook-w,R06
2367,5,7-n,p08,7oom-w,R06
2368,1,3-o,p08,3aaf-w,R06
2369,5,n-7,p08,naa7-w,R06
2370,1,isolation,p08,naa7-v,R06
2371,4,n-n,p08,naam-w,R06
2372,1,isolation,p08,naam-v,R06
2373,1,3-o,p08,3eeb-w,R06
2374,1,isolation,p08,3eeb-v,R06
2375,4,o-n,p08,saam-w,R06
2376,1,isolation,p08,saam-v,R06
2377,4,3-n,p08,3aam-w,R06
2378,1,7-o,p08,7aad-w,R06
2379,1,3-n,p08,3een-w,R06
2380,1,3-o,p08,3iish-w,R06
2381,1,7-o,p08,7eef-w,R06
2382,1,isolation,p08,7eef-v,R06
2383,2,o-3,p08,baa3-w,R06
2384,1,o-o,p08,beet-w,R06
2385,1,o-o,p08,boosh-w,R06
2386,4,n-3,p09,noo3-w,R06
2387,1,isolation,p09,noo3-v,R06
2388,1,o-o,p09,daas-w,R06
2389,5,n-o,p09,maat-w,R06
2390,2,isolation,p09,maat-v,R06
2391,4,7-n,p09,7en-w,R06
2392,3,o-n,p09,diin-w,R06
2393,1,o-7,p09,zaa7-w,R06
2394,1,o-3,p09,djuu3-w,R06
2395,1,isolation,p09,djuu3-v,R06
2396,1,n-7,p09,nuu7-w,R06
2397,5,isolation,p09,nuu7-v,R06
2398,1,3--3,p09,3oo3-w,R06
2399,1,isolation,p09,3oo3-v,R06
2400,1,o-7,p09,loo7-w,R06
2401,1,o-3,p09,bii3-w,R06
2402,1,isolation,p09,bii3-v,R06
2403,1,o-7,p09,zii7-w,R06
2404,5,n-n,p09,noom-w,R06
2405,5,n-n,p09,muun-w,R06
2406,5,n-o,p09,muus-w,R06
2407,5,n-o,p09,mooz-w,R06
2408,1,7-o,p09,7ook-w,R06
2409,5,7-n,p09,7oom-w,R06
2410,1,3-o,p09,3aaf-w,R06
2411,4,n-7,p09,naa7-w,R06
2412,1,isolation,p09,naa7-v,R06
2413,5,n-n,p09,naam-w,R06
2414,1,isolation,p09,naam-v,R06
2415,3,o-n,p09,doom-w,R06
2416,1,isolation,p09,doom-v,R06
2417,5,3-n,p09,3oon-w,R06
2418,1,3-o,p09,3eeb-w,R06
2419,1,isolation,p09,3eeb-v,R06
2420,4,o-n,p09,saam-w,R06
2421,1,isolation,p09,saam-v,R06
2422,5,3-n,p09,3aam-w,R06
2423,1,7-o,p09,7aad-w,R06
2424,4,3-n,p09,3een-w,R06
2425,1,3-o,p09,3iish-w,R06
2426,4,7-o,p09,7eef-w,R06
2427,1,isolation,p09,7eef-v,R06
2428,1,o-3,p09,baa3-w,R06
2429,1,o-o,p09,beet-w,R06
2430,3,o-o,p09,boosh-w,R06
